school,sex,age,address,famsize,Pstatus,Medu,Fedu,Mjob,Fjob,reason,guardian,traveltime,studytime,failures,schoolsup,famsup,paid,activities,nursery,higher,internet,romantic,famrel,freetime,goout,Dalc,Walc,health,absences,G1,G2,G3,aprueba,resultado,prediccion_reprobado,prediccion_modelo,probabilidad_aprueba,probabilidad_reprueba,resultado_real,acierto_modelo
GP,F,18,U,GT3,A,4,4,at_home,teacher,course,mother,2,2,0,yes,no,no,no,yes,yes,no,no,4,3,4,1,1,3,6,5,6,6,0,Reprueba,1,Reprueba,0.0022848633529765072,0.9977151366470235,Reprueba,True
GP,F,17,U,GT3,T,1,1,at_home,other,course,father,1,2,0,no,yes,no,no,no,yes,yes,no,5,3,3,1,1,3,4,5,5,6,0,Reprueba,1,Reprueba,0.0005461091558213171,0.9994538908441787,Reprueba,True
GP,F,15,U,LE3,T,1,1,at_home,other,other,mother,1,2,3,yes,no,yes,no,yes,yes,yes,no,4,3,2,2,3,3,10,7,8,10,1,Aprueba,1,Reprueba,0.055592477786585714,0.9444075222134143,Aprueba,False
GP,F,15,U,GT3,T,4,2,health,services,home,mother,1,3,0,no,yes,yes,yes,yes,yes,yes,yes,3,2,2,1,1,5,2,15,14,15,1,Aprueba,0,Aprueba,0.9994489820699776,0.0005510179300224845,Aprueba,True
GP,F,16,U,GT3,T,3,3,other,other,home,father,1,2,0,no,yes,yes,no,yes,yes,no,no,4,3,2,1,2,5,4,6,10,10,1,Aprueba,0,Aprueba,0.5318911884208459,0.46810881157915407,Aprueba,True
GP,M,16,U,LE3,T,4,3,services,other,reputation,mother,1,2,0,no,yes,yes,yes,yes,yes,yes,no,5,4,2,1,2,5,10,15,15,15,1,Aprueba,0,Aprueba,0.9998905118157727,0.00010948818422725492,Aprueba,True
GP,M,16,U,LE3,T,2,2,other,other,home,mother,1,2,0,no,no,no,no,yes,yes,yes,no,4,4,4,1,1,3,0,12,12,11,1,Aprueba,0,Aprueba,0.9874258191697125,0.012574180830287513,Aprueba,True
GP,F,17,U,GT3,A,4,4,other,teacher,home,mother,2,2,0,yes,yes,no,no,yes,yes,no,no,4,1,4,1,1,1,6,6,5,6,0,Reprueba,1,Reprueba,0.0006240050575578859,0.9993759949424421,Reprueba,True
GP,M,15,U,LE3,A,3,2,services,other,home,mother,1,2,0,no,yes,yes,no,yes,yes,yes,no,4,2,2,1,1,1,0,16,18,19,1,Aprueba,0,Aprueba,0.999999220235994,7.797640059868311e-07,Aprueba,True
GP,M,15,U,GT3,T,3,4,other,other,home,mother,1,2,0,no,yes,yes,yes,yes,yes,yes,no,5,5,1,1,1,5,0,14,15,15,1,Aprueba,0,Aprueba,0.9999003617483667,9.963825163333511e-05,Aprueba,True
GP,F,15,U,GT3,T,4,4,teacher,health,reputation,mother,1,2,0,no,yes,yes,no,yes,yes,yes,no,3,3,3,1,2,2,0,10,8,9,0,Reprueba,1,Reprueba,0.12165380368990919,0.8783461963100908,Reprueba,True
GP,F,15,U,GT3,T,2,1,services,other,reputation,father,3,3,0,no,yes,no,yes,yes,yes,yes,no,5,2,2,1,1,4,4,10,12,12,1,Aprueba,0,Aprueba,0.971104294349392,0.02889570565060795,Aprueba,True
GP,M,15,U,LE3,T,4,4,health,services,course,father,1,1,0,no,yes,yes,yes,yes,yes,yes,no,4,3,3,1,3,5,2,14,14,14,1,Aprueba,0,Aprueba,0.999671686728527,0.0003283132714729343,Aprueba,True
GP,M,15,U,GT3,T,4,3,teacher,other,course,mother,2,2,0,no,yes,yes,no,yes,yes,yes,no,5,4,3,1,2,3,2,10,10,11,1,Aprueba,0,Aprueba,0.7203162152945793,0.27968378470542066,Aprueba,True
GP,M,15,U,GT3,A,2,2,other,other,home,other,1,3,0,no,yes,no,no,yes,yes,yes,yes,4,5,2,1,1,3,0,14,16,16,1,Aprueba,0,Aprueba,0.999967995150977,3.200484902297545e-05,Aprueba,True
GP,F,16,U,GT3,T,4,4,health,other,home,mother,1,1,0,no,yes,no,no,yes,yes,yes,no,4,4,4,1,2,2,4,14,14,14,1,Aprueba,0,Aprueba,0.9996524621817467,0.000347537818253221,Aprueba,True
GP,F,16,U,GT3,T,4,4,services,services,reputation,mother,1,3,0,no,yes,yes,yes,yes,yes,yes,no,3,2,3,1,2,2,6,13,14,14,1,Aprueba,0,Aprueba,0.9990967965142022,0.0009032034857977139,Aprueba,True
GP,F,16,U,GT3,T,3,3,other,other,reputation,mother,3,2,0,yes,yes,no,yes,yes,yes,no,no,5,3,2,1,1,4,4,8,10,10,1,Aprueba,0,Aprueba,0.6244365251265291,0.3755634748734709,Aprueba,True
GP,M,17,U,GT3,T,3,2,services,services,course,mother,1,1,3,no,yes,no,yes,yes,yes,yes,no,5,5,5,2,4,5,16,6,5,5,0,Reprueba,1,Reprueba,0.0006689257888051747,0.9993310742111948,Reprueba,True
GP,M,16,U,LE3,T,4,3,health,other,home,father,1,1,0,no,no,yes,yes,yes,yes,yes,no,3,1,3,1,3,5,4,8,10,10,1,Aprueba,0,Aprueba,0.7032044471115477,0.29679555288845233,Aprueba,True
GP,M,15,U,GT3,T,4,3,teacher,other,reputation,mother,1,2,0,no,no,no,no,yes,yes,yes,no,4,4,1,1,1,1,0,13,14,15,1,Aprueba,0,Aprueba,0.9994654841123553,0.0005345158876447514,Aprueba,True
GP,M,15,U,GT3,T,4,4,health,health,other,father,1,1,0,no,yes,yes,no,yes,yes,yes,no,5,4,2,1,1,5,0,12,15,15,1,Aprueba,0,Aprueba,0.9998976861006319,0.00010231389936810669,Aprueba,True
GP,M,16,U,LE3,T,4,2,teacher,other,course,mother,1,2,0,no,no,no,yes,yes,yes,yes,no,4,5,1,1,3,5,2,15,15,16,1,Aprueba,0,Aprueba,0.9999128055180705,8.719448192953119e-05,Aprueba,True
GP,M,16,U,LE3,T,2,2,other,other,reputation,mother,2,2,0,no,yes,no,yes,yes,yes,yes,no,5,4,4,2,4,5,0,13,13,12,1,Aprueba,0,Aprueba,0.9976328677269208,0.002367132273079125,Aprueba,True
GP,F,15,R,GT3,T,2,4,services,health,course,mother,1,3,0,yes,yes,yes,yes,yes,yes,yes,no,4,3,2,1,1,5,2,10,9,8,0,Reprueba,1,Reprueba,0.28944941459472706,0.7105505854052729,Reprueba,True
GP,F,16,U,GT3,T,2,2,services,services,home,mother,1,1,2,no,yes,yes,no,no,yes,yes,no,1,2,2,1,3,5,14,6,9,8,0,Reprueba,1,Reprueba,0.21541127585406739,0.7845887241459326,Reprueba,True
GP,M,15,U,GT3,T,2,2,other,other,home,mother,1,1,0,no,yes,yes,no,yes,yes,yes,no,4,2,2,1,2,5,2,12,12,11,1,Aprueba,0,Aprueba,0.9906289350961848,0.009371064903815191,Aprueba,True
GP,M,15,U,GT3,T,4,2,health,services,other,mother,1,1,0,no,no,yes,no,yes,yes,yes,no,2,2,4,2,4,1,4,15,16,15,1,Aprueba,0,Aprueba,0.9999853996157849,1.4600384215048175e-05,Aprueba,True
GP,M,16,U,LE3,A,3,4,services,other,home,mother,1,2,0,yes,yes,no,yes,yes,yes,yes,no,5,3,3,1,1,5,4,11,11,11,1,Aprueba,0,Aprueba,0.9288631897700399,0.07113681022996012,Aprueba,True
GP,M,16,U,GT3,T,4,4,teacher,teacher,home,mother,1,2,0,no,yes,yes,yes,yes,yes,yes,yes,4,4,5,5,5,5,16,10,12,11,1,Aprueba,0,Aprueba,0.9714567428895545,0.028543257110445423,Aprueba,True
GP,M,15,U,GT3,T,4,4,health,services,home,mother,1,2,0,no,yes,yes,no,no,yes,yes,no,5,4,2,3,4,5,0,9,11,12,1,Aprueba,0,Aprueba,0.9090856495459556,0.09091435045404439,Aprueba,True
GP,M,15,U,GT3,T,4,4,services,services,reputation,mother,2,2,0,no,yes,no,yes,yes,yes,yes,no,4,3,1,1,1,5,0,17,16,17,1,Aprueba,0,Aprueba,0.9999873114660233,1.2688533976686088e-05,Aprueba,True
GP,M,15,R,GT3,T,4,3,teacher,at_home,course,mother,1,2,0,no,yes,no,yes,yes,yes,yes,yes,4,5,2,1,1,5,0,17,16,16,1,Aprueba,0,Aprueba,0.9999873114660233,1.2688533976686088e-05,Aprueba,True
GP,M,15,U,LE3,T,3,3,other,other,course,mother,1,2,0,no,no,no,yes,no,yes,yes,no,5,3,2,1,1,2,0,8,10,12,1,Aprueba,0,Aprueba,0.6507349047153712,0.3492650952846288,Aprueba,True
GP,M,16,U,GT3,T,3,2,other,other,home,mother,1,1,0,no,yes,yes,no,no,yes,yes,no,5,4,3,1,1,5,0,12,14,15,1,Aprueba,0,Aprueba,0.9995462246333149,0.0004537753666851602,Aprueba,True
GP,F,15,U,GT3,T,2,3,other,other,other,father,2,1,0,no,yes,no,yes,yes,yes,no,no,3,5,1,1,1,5,0,8,7,6,0,Reprueba,1,Reprueba,0.029504274099063088,0.9704957259009369,Reprueba,True
GP,M,15,U,LE3,T,4,3,teacher,services,home,mother,1,3,0,no,yes,no,yes,yes,yes,yes,no,5,4,3,1,1,4,2,15,16,18,1,Aprueba,0,Aprueba,0.9999719924566104,2.8007543389635972e-05,Aprueba,True
GP,M,16,R,GT3,A,4,4,other,teacher,reputation,mother,2,3,0,no,yes,no,yes,yes,yes,yes,yes,2,4,3,1,1,5,7,15,16,15,1,Aprueba,0,Aprueba,0.9999677092511754,3.229074882460392e-05,Aprueba,True
GP,F,15,R,GT3,T,3,4,services,health,course,mother,1,3,0,yes,yes,yes,yes,yes,yes,yes,no,4,3,2,1,1,5,2,12,12,11,1,Aprueba,0,Aprueba,0.9811525324076278,0.018847467592372238,Aprueba,True
GP,F,15,R,GT3,T,2,2,at_home,other,reputation,mother,1,1,0,yes,yes,yes,yes,yes,yes,no,no,4,3,1,1,1,2,8,14,13,13,1,Aprueba,0,Aprueba,0.9982745358083728,0.0017254641916272762,Aprueba,True
GP,F,16,U,LE3,T,2,2,other,other,home,mother,2,2,1,no,yes,no,yes,no,yes,yes,yes,3,3,3,1,2,3,25,7,10,11,1,Aprueba,1,Reprueba,0.4305452801567099,0.5694547198432901,Aprueba,False
GP,M,15,U,LE3,T,4,4,teacher,other,home,other,1,1,0,no,yes,no,no,no,yes,yes,yes,5,4,3,2,4,5,8,12,12,12,1,Aprueba,0,Aprueba,0.9889032022407682,0.011096797759231739,Aprueba,True
GP,M,15,U,GT3,T,4,4,services,teacher,course,father,1,2,0,no,yes,no,yes,yes,yes,yes,no,4,3,3,1,1,5,2,19,18,18,1,Aprueba,0,Aprueba,0.9999995336716179,4.6632838208783194e-07,Aprueba,True
GP,M,15,U,GT3,T,2,2,services,services,course,father,1,1,0,yes,yes,no,no,yes,yes,yes,no,5,4,1,1,1,1,0,8,8,11,1,Aprueba,1,Reprueba,0.11885022338158713,0.8811497766184129,Aprueba,False
GP,F,16,U,LE3,T,2,2,other,at_home,course,father,2,2,1,yes,no,no,yes,yes,yes,yes,no,4,3,3,2,2,5,14,10,10,9,0,Reprueba,0,Aprueba,0.646681469691847,0.353318530308153,Reprueba,False
GP,F,15,U,LE3,A,4,3,other,other,course,mother,1,2,0,yes,yes,yes,yes,yes,yes,yes,yes,5,2,2,1,1,5,8,8,8,6,0,Reprueba,1,Reprueba,0.07009419032292985,0.9299058096770701,Reprueba,True
GP,F,16,U,LE3,A,3,3,other,services,home,mother,1,2,0,no,yes,no,no,yes,yes,yes,no,2,3,5,1,4,3,12,11,12,11,1,Aprueba,0,Aprueba,0.9787842407640494,0.02121575923595066,Aprueba,True
GP,M,16,U,GT3,T,4,3,health,services,reputation,mother,1,4,0,no,no,no,yes,yes,yes,yes,no,4,2,2,1,1,2,4,19,19,20,1,Aprueba,0,Aprueba,0.9999997740597961,2.2594020383176843e-07,Aprueba,True
GP,M,15,U,GT3,T,4,2,teacher,other,home,mother,1,2,0,no,yes,yes,no,yes,yes,no,no,4,3,3,2,2,5,2,15,15,14,1,Aprueba,0,Aprueba,0.9999128055180705,8.719448192953119e-05,Aprueba,True
GP,F,15,U,GT3,T,4,4,services,teacher,other,father,1,2,1,yes,yes,no,yes,no,yes,yes,no,4,4,4,1,1,3,2,7,7,7,0,Reprueba,1,Reprueba,0.016387385054991932,0.9836126149450081,Reprueba,True
GP,F,16,U,LE3,T,2,2,services,services,course,mother,3,2,0,no,yes,yes,no,yes,yes,yes,no,4,3,3,2,3,4,2,12,13,13,1,Aprueba,0,Aprueba,0.9969708505058805,0.0030291494941194408,Aprueba,True
GP,F,15,U,LE3,T,4,2,health,other,other,mother,1,2,0,no,yes,yes,no,yes,yes,yes,no,4,3,3,1,1,5,2,11,13,13,1,Aprueba,0,Aprueba,0.9963380748860573,0.0036619251139427254,Aprueba,True
GP,M,15,U,LE3,A,4,2,health,health,other,father,2,1,1,no,no,no,no,yes,yes,no,no,5,5,5,3,4,5,6,11,11,10,1,Aprueba,0,Aprueba,0.9461711559571313,0.05382884404286872,Aprueba,True
GP,F,15,U,GT3,T,4,4,services,services,course,mother,1,1,0,yes,yes,yes,no,yes,yes,yes,no,3,3,4,2,3,5,0,8,10,11,1,Aprueba,0,Aprueba,0.7264038642407924,0.2735961357592076,Aprueba,True
GP,F,15,U,LE3,A,3,3,other,other,other,mother,1,1,0,no,no,yes,no,yes,yes,yes,no,5,3,4,4,4,1,6,10,13,13,1,Aprueba,0,Aprueba,0.9965160156348923,0.003483984365107634,Aprueba,True
GP,F,16,U,GT3,A,2,1,other,other,other,mother,1,2,0,no,no,yes,yes,yes,yes,yes,yes,5,3,4,1,1,2,8,8,9,10,1,Aprueba,1,Reprueba,0.2506149814057239,0.7493850185942761,Aprueba,False
GP,F,15,U,GT3,A,4,3,services,services,reputation,mother,1,2,0,no,yes,yes,yes,yes,yes,yes,no,4,3,2,1,1,1,0,14,15,15,1,Aprueba,0,Aprueba,0.9999003617483667,9.963825163333511e-05,Aprueba,True
GP,M,15,U,GT3,T,4,4,teacher,health,reputation,mother,1,2,0,no,yes,no,yes,yes,yes,no,no,3,2,2,1,1,5,4,14,15,15,1,Aprueba,0,Aprueba,0.9998883484265336,0.00011165157346638585,Aprueba,True
GP,M,15,U,LE3,T,1,2,other,at_home,home,father,1,2,0,yes,yes,no,yes,yes,yes,yes,no,4,3,2,1,1,5,2,9,10,9,0,Reprueba,0,Aprueba,0.6804169658984021,0.3195830341015979,Reprueba,False
GP,F,16,U,GT3,T,4,2,services,other,course,mother,1,2,0,no,yes,no,no,yes,yes,yes,no,4,2,3,1,1,5,2,15,16,16,1,Aprueba,0,Aprueba,0.9999803456187734,1.9654381226622334e-05,Aprueba,True
GP,F,16,R,GT3,T,4,4,health,teacher,other,mother,1,2,0,no,yes,no,yes,yes,yes,no,no,2,4,4,2,3,4,6,10,11,11,1,Aprueba,0,Aprueba,0.910690078221239,0.08930992177876093,Aprueba,True
GP,F,16,U,GT3,T,1,1,services,services,course,father,4,1,0,yes,yes,no,yes,no,yes,yes,yes,5,5,5,5,5,5,6,10,8,11,1,Aprueba,1,Reprueba,0.14264990488461515,0.8573500951153848,Aprueba,False
GP,F,16,U,LE3,T,1,2,other,services,reputation,father,1,2,0,yes,no,no,yes,yes,yes,yes,no,4,4,3,1,1,1,4,8,10,9,0,Reprueba,0,Aprueba,0.6244365251265291,0.3755634748734709,Reprueba,False
GP,F,16,U,GT3,T,4,3,teacher,health,home,mother,1,3,0,yes,yes,yes,yes,yes,yes,yes,no,3,4,4,2,4,4,2,10,9,9,0,Reprueba,1,Reprueba,0.28944941459472706,0.7105505854052729,Reprueba,True
GP,F,15,U,LE3,T,4,3,services,services,reputation,father,1,2,0,yes,no,no,yes,yes,yes,yes,yes,4,4,4,2,4,2,0,10,10,10,1,Aprueba,0,Aprueba,0.7316391995004543,0.26836080049954564,Aprueba,True
GP,F,16,U,LE3,T,4,3,teacher,services,course,mother,3,2,0,no,yes,no,yes,yes,yes,yes,no,5,4,3,1,2,1,2,16,15,15,1,Aprueba,0,Aprueba,0.9999279172942961,7.20827057039362e-05,Aprueba,True
GP,M,15,U,GT3,A,4,4,other,services,reputation,mother,1,4,0,no,yes,no,yes,no,yes,yes,yes,1,3,3,5,5,3,4,13,13,12,1,Aprueba,0,Aprueba,0.9946297349240243,0.0053702650759756875,Aprueba,True
GP,F,16,U,GT3,T,3,1,services,other,course,mother,1,4,0,yes,yes,yes,no,yes,yes,yes,no,4,3,3,1,2,5,4,7,7,6,0,Reprueba,1,Reprueba,0.007690809588612901,0.9923091904113871,Reprueba,True
GP,F,15,R,LE3,T,2,2,health,services,reputation,mother,2,2,0,yes,yes,yes,no,yes,yes,yes,no,4,1,3,1,3,4,2,8,9,8,0,Reprueba,1,Reprueba,0.2840293373513513,0.7159706626486487,Reprueba,True
GP,F,15,R,LE3,T,3,1,other,other,reputation,father,2,4,0,no,yes,no,no,no,yes,yes,no,4,4,2,2,3,3,12,16,16,16,1,Aprueba,0,Aprueba,0.9999561436143524,4.385638564767791e-05,Aprueba,True
GP,M,16,U,GT3,T,3,1,other,other,reputation,father,2,4,0,no,yes,yes,no,yes,yes,yes,no,4,3,2,1,1,5,0,13,15,15,1,Aprueba,0,Aprueba,0.9997552818929915,0.0002447181070085652,Aprueba,True
GP,M,15,U,GT3,T,4,2,other,other,course,mother,1,4,0,no,no,no,no,yes,yes,yes,no,3,3,3,1,1,3,0,10,10,10,1,Aprueba,0,Aprueba,0.5731197699354891,0.4268802300645109,Aprueba,True
GP,F,15,R,GT3,T,1,1,other,other,reputation,mother,1,2,2,yes,yes,no,no,no,yes,yes,yes,3,3,4,2,4,5,2,8,6,5,0,Reprueba,1,Reprueba,0.004521919175838884,0.9954780808241611,Reprueba,True
GP,M,16,U,GT3,T,3,1,other,other,reputation,mother,1,1,0,no,no,no,yes,yes,yes,no,no,5,3,2,2,2,5,2,12,12,14,1,Aprueba,0,Aprueba,0.9906289350961848,0.009371064903815191,Aprueba,True
GP,F,16,U,GT3,T,3,3,other,services,home,mother,1,2,0,yes,yes,yes,yes,yes,yes,yes,no,4,3,3,2,4,5,54,11,12,11,1,Aprueba,0,Aprueba,0.933152396377058,0.06684760362294193,Aprueba,True
GP,M,15,U,GT3,T,4,3,teacher,other,home,mother,1,2,0,no,yes,yes,yes,yes,yes,yes,no,4,3,3,2,3,5,6,9,9,10,1,Aprueba,1,Reprueba,0.29983817176200966,0.7001618282379903,Aprueba,False
GP,M,15,U,GT3,T,4,0,teacher,other,course,mother,2,4,0,no,no,no,yes,yes,yes,yes,no,3,4,3,1,1,1,8,11,11,10,1,Aprueba,0,Aprueba,0.8515921739061804,0.14840782609381964,Aprueba,True
GP,F,16,U,GT3,T,2,2,other,other,reputation,mother,1,4,0,no,no,yes,no,yes,yes,yes,yes,5,2,3,1,3,3,0,11,11,11,1,Aprueba,0,Aprueba,0.8781301945690212,0.12186980543097882,Aprueba,True
GP,M,17,U,GT3,T,2,1,other,other,home,mother,2,1,3,yes,yes,no,yes,yes,no,yes,no,4,5,1,1,1,3,2,8,8,10,1,Aprueba,1,Reprueba,0.1130169548645279,0.8869830451354721,Aprueba,False
GP,F,16,U,GT3,T,3,4,at_home,other,course,mother,1,2,0,no,yes,no,no,yes,yes,yes,no,2,4,3,1,2,3,12,5,5,5,0,Reprueba,1,Reprueba,0.00043495048787389745,0.9995650495121261,Reprueba,True
GP,M,15,U,GT3,T,2,3,other,services,course,father,1,1,0,yes,yes,yes,yes,no,yes,yes,yes,3,2,2,1,3,3,2,10,12,12,1,Aprueba,0,Aprueba,0.9863467350417084,0.013653264958291557,Aprueba,True
GP,M,15,U,GT3,T,2,3,other,other,home,mother,1,3,0,yes,no,yes,no,no,yes,yes,no,5,3,2,1,2,5,4,11,10,11,1,Aprueba,0,Aprueba,0.6737656279128763,0.32623437208712375,Aprueba,True
GP,F,15,U,LE3,T,3,2,services,other,reputation,mother,1,2,0,no,yes,yes,no,yes,yes,yes,no,4,4,4,1,1,5,10,7,6,6,0,Reprueba,1,Reprueba,0.002981548440346371,0.9970184515596536,Reprueba,True
GP,M,15,U,LE3,T,2,2,services,services,home,mother,2,2,0,no,no,yes,yes,yes,yes,yes,no,5,3,3,1,3,4,4,15,15,15,1,Aprueba,0,Aprueba,0.9999076984982288,9.23015017711651e-05,Aprueba,True
GP,F,15,U,GT3,T,1,1,other,other,home,father,1,2,0,no,yes,no,yes,no,yes,yes,no,4,3,2,2,3,4,2,9,10,10,1,Aprueba,0,Aprueba,0.6804169658984021,0.3195830341015979,Aprueba,True
GP,F,15,U,GT3,T,4,4,services,services,reputation,father,2,2,2,no,no,yes,no,yes,yes,yes,yes,4,4,4,2,3,5,6,7,9,8,0,Reprueba,1,Reprueba,0.22639982233891975,0.7736001776610802,Reprueba,True
GP,F,16,U,LE3,T,2,2,at_home,other,course,mother,1,2,0,no,yes,no,no,yes,yes,no,no,4,3,4,1,2,2,4,8,7,6,0,Reprueba,1,Reprueba,0.01868261071802002,0.98131738928198,Reprueba,True
GP,F,15,U,GT3,T,4,2,other,other,reputation,mother,1,3,0,no,yes,no,yes,yes,yes,yes,no,5,3,3,1,3,1,4,13,14,14,1,Aprueba,0,Aprueba,0.9991467322582265,0.0008532677417735167,Aprueba,True
GP,M,16,U,GT3,T,2,2,services,other,reputation,father,2,2,1,no,no,yes,yes,no,yes,yes,no,4,4,2,1,1,3,12,11,10,10,1,Aprueba,0,Aprueba,0.7009341861254655,0.29906581387453446,Aprueba,True
GP,M,16,U,LE3,A,4,4,teacher,health,reputation,mother,1,2,0,no,yes,no,no,yes,yes,no,no,4,1,3,3,5,5,18,8,6,7,0,Reprueba,1,Reprueba,0.0028725387849485307,0.9971274612150515,Reprueba,True
GP,F,16,U,GT3,T,3,3,other,other,home,mother,1,3,0,no,yes,yes,no,yes,yes,yes,yes,4,3,3,1,3,4,0,7,7,8,0,Reprueba,1,Reprueba,0.01222492895648819,0.9877750710435118,Reprueba,True
GP,F,15,U,GT3,T,4,3,services,other,reputation,mother,1,1,0,no,no,yes,yes,yes,yes,yes,no,4,5,5,1,3,1,4,16,17,18,1,Aprueba,0,Aprueba,0.9999972795171091,2.7204828908856356e-06,Aprueba,True
GP,F,16,U,LE3,T,3,1,other,other,home,father,1,2,0,yes,yes,no,no,yes,yes,no,no,3,3,3,2,3,2,4,7,6,6,0,Reprueba,1,Reprueba,0.00353481552999535,0.9964651844700047,Reprueba,True
GP,F,16,U,GT3,T,4,2,teacher,services,home,mother,2,2,0,no,yes,yes,yes,yes,yes,yes,no,5,3,3,1,1,1,0,11,10,10,1,Aprueba,0,Aprueba,0.7673302401667726,0.23266975983322738,Aprueba,True
GP,M,15,U,LE3,T,2,2,services,health,reputation,mother,1,4,0,no,yes,no,yes,yes,yes,yes,no,4,3,4,1,1,4,6,11,13,14,1,Aprueba,0,Aprueba,0.991705921436719,0.008294078563281052,Aprueba,True
GP,F,15,R,GT3,T,1,1,at_home,other,home,mother,2,4,1,yes,yes,yes,yes,yes,yes,yes,no,3,1,2,1,1,1,2,7,10,10,1,Aprueba,1,Reprueba,0.41742348636936344,0.5825765136306366,Aprueba,False
GP,M,16,R,GT3,T,4,3,services,other,reputation,mother,2,1,0,yes,yes,no,yes,no,yes,yes,no,3,3,3,1,1,4,2,11,15,15,1,Aprueba,0,Aprueba,0.9998689887347231,0.0001310112652769556,Aprueba,True
GP,F,16,U,GT3,T,2,1,other,other,course,mother,1,2,0,no,yes,yes,no,yes,yes,no,yes,4,3,5,1,1,5,2,8,9,10,1,Aprueba,1,Reprueba,0.2840293373513513,0.7159706626486487,Aprueba,False
GP,F,16,U,GT3,T,4,4,other,other,reputation,mother,1,1,0,no,no,no,yes,no,yes,yes,no,5,3,4,1,2,1,6,11,14,14,1,Aprueba,0,Aprueba,0.9993489930145962,0.000651006985403789,Aprueba,True
GP,F,16,U,GT3,T,4,3,other,at_home,course,mother,1,3,0,yes,yes,yes,no,yes,yes,yes,no,5,3,5,1,1,3,0,7,9,8,0,Reprueba,1,Reprueba,0.1958934090569372,0.8041065909430628,Reprueba,True
GP,M,16,U,GT3,T,4,4,services,services,other,mother,1,1,0,yes,yes,yes,yes,yes,yes,yes,no,4,5,5,5,5,4,14,7,7,5,0,Reprueba,1,Reprueba,0.016592298085215673,0.9834077019147843,Reprueba,True
GP,M,16,U,GT3,T,4,4,services,teacher,other,father,1,3,0,no,yes,no,yes,yes,yes,yes,yes,4,4,3,1,1,4,0,16,17,17,1,Aprueba,0,Aprueba,0.9999950700829564,4.929917043583928e-06,Aprueba,True
GP,M,15,U,GT3,T,4,4,services,other,course,mother,1,1,0,no,yes,no,yes,no,yes,yes,no,5,3,3,1,1,5,4,10,13,14,1,Aprueba,0,Aprueba,0.9967081658440224,0.003291834155977572,Aprueba,True
GP,F,15,U,GT3,T,3,2,services,other,home,mother,2,2,0,yes,yes,yes,no,yes,yes,yes,no,4,3,5,1,1,2,26,7,6,6,0,Reprueba,1,Reprueba,0.0018929534140481596,0.9981070465859518,Reprueba,True
GP,M,15,U,GT3,A,3,4,services,other,course,mother,1,2,0,no,yes,yes,yes,yes,yes,yes,no,5,4,4,1,1,1,0,16,18,18,1,Aprueba,0,Aprueba,0.999999220235994,7.797640059868311e-07,Aprueba,True
GP,F,15,U,GT3,A,3,3,other,health,reputation,father,1,4,0,yes,no,no,no,yes,yes,no,no,4,3,3,1,1,4,10,10,11,11,1,Aprueba,0,Aprueba,0.8175561595512203,0.1824438404487797,Aprueba,True
GP,F,15,U,GT3,T,2,2,other,other,course,mother,1,4,0,yes,yes,yes,no,yes,yes,yes,no,5,1,2,1,1,3,8,7,8,8,0,Reprueba,1,Reprueba,0.029772387865041217,0.9702276121349588,Reprueba,True
GP,M,16,U,GT3,T,3,3,services,other,home,father,1,3,0,no,yes,no,yes,yes,yes,yes,no,5,3,3,1,1,5,2,16,18,18,1,Aprueba,0,Aprueba,0.9999988237374628,1.1762625372037083e-06,Aprueba,True
GP,M,15,R,GT3,T,4,4,other,other,home,father,4,4,0,no,yes,yes,yes,yes,yes,yes,yes,1,3,5,3,5,1,6,10,13,13,1,Aprueba,0,Aprueba,0.9899843748147212,0.010015625185278768,Aprueba,True
GP,F,16,U,LE3,T,4,4,health,health,other,mother,1,3,0,no,yes,yes,yes,yes,yes,yes,yes,5,4,5,1,1,4,4,14,15,16,1,Aprueba,0,Aprueba,0.9998409024436523,0.00015909755634771619,Aprueba,True
GP,M,15,U,LE3,A,4,4,teacher,teacher,course,mother,1,1,0,no,no,no,yes,yes,yes,yes,no,5,5,3,1,1,4,6,18,19,19,1,Aprueba,0,Aprueba,0.9999999000179054,9.998209455916791e-08,Aprueba,True
GP,F,16,R,GT3,T,3,3,services,other,reputation,father,1,3,1,yes,yes,no,yes,yes,yes,yes,no,4,1,2,1,1,2,0,7,10,10,1,Aprueba,0,Aprueba,0.5194270050245768,0.4805729949754231,Aprueba,True
GP,F,16,U,GT3,T,2,2,at_home,other,home,mother,1,2,1,yes,no,no,yes,yes,yes,yes,no,3,1,2,1,1,5,6,10,13,13,1,Aprueba,0,Aprueba,0.9950426125398123,0.0049573874601876785,Aprueba,True
GP,M,15,U,LE3,T,4,2,teacher,other,course,mother,1,1,0,no,no,no,no,yes,yes,yes,no,3,5,2,1,1,3,10,18,19,19,1,Aprueba,0,Aprueba,0.999999887961782,1.1203821805381731e-07,Aprueba,True
GP,M,15,R,GT3,T,2,1,health,services,reputation,mother,1,2,0,no,no,no,yes,yes,yes,yes,yes,5,4,2,1,1,5,8,9,9,9,0,Reprueba,1,Reprueba,0.28802550354801393,0.7119744964519861,Reprueba,True
GP,M,16,U,GT3,T,4,4,teacher,teacher,course,father,1,2,0,no,yes,no,yes,yes,yes,yes,no,5,4,4,1,2,5,2,15,15,16,1,Aprueba,0,Aprueba,0.9999128055180705,8.719448192953119e-05,Aprueba,True
GP,M,15,U,GT3,T,4,4,other,teacher,reputation,father,2,2,0,no,yes,no,yes,yes,yes,no,no,4,4,3,1,1,2,2,11,13,14,1,Aprueba,0,Aprueba,0.9963380748860573,0.0036619251139427254,Aprueba,True
GP,M,16,U,GT3,T,3,3,other,services,home,father,2,1,0,no,no,no,yes,yes,yes,yes,no,5,4,2,1,1,5,0,13,14,13,1,Aprueba,0,Aprueba,0.9996248451288331,0.0003751548711669152,Aprueba,True
GP,M,17,R,GT3,T,1,3,other,other,course,father,3,2,1,no,yes,no,yes,yes,yes,yes,no,5,2,4,1,4,5,20,9,7,8,0,Reprueba,1,Reprueba,0.014395258552216128,0.9856047414477839,Reprueba,True
GP,M,15,U,GT3,T,3,4,other,other,reputation,father,1,1,0,no,no,no,no,yes,yes,yes,no,3,4,3,1,2,4,6,14,13,13,1,Aprueba,0,Aprueba,0.9983698580088334,0.0016301419911666025,Aprueba,True
GP,F,15,U,GT3,T,1,2,at_home,services,course,mother,1,2,0,no,no,no,no,no,yes,yes,no,3,2,3,1,2,1,2,16,15,15,1,Aprueba,0,Aprueba,0.9999279172942961,7.20827057039362e-05,Aprueba,True
GP,M,15,U,GT3,T,2,2,services,services,home,father,1,4,0,no,yes,yes,yes,yes,yes,yes,no,5,5,4,1,2,5,6,16,14,15,1,Aprueba,0,Aprueba,0.9992727430265088,0.000727256973491217,Aprueba,True
GP,F,16,U,LE3,T,2,4,other,health,course,father,2,2,0,no,yes,yes,yes,yes,yes,yes,yes,4,2,2,1,2,5,2,13,13,13,1,Aprueba,0,Aprueba,0.9974945583282567,0.0025054416717433152,Aprueba,True
GP,M,16,U,GT3,T,4,4,health,other,course,mother,1,1,0,no,yes,no,yes,yes,yes,yes,no,3,4,4,1,4,5,18,14,11,13,1,Aprueba,0,Aprueba,0.9567313065586014,0.04326869344139857,Aprueba,True
GP,F,16,U,GT3,T,2,2,other,other,home,mother,1,2,0,no,no,yes,no,yes,yes,yes,yes,5,4,4,1,1,5,0,8,7,8,0,Reprueba,1,Reprueba,0.02088835563024305,0.979111644369757,Reprueba,True
GP,M,15,U,GT3,T,3,4,services,services,home,father,1,1,0,yes,no,no,no,yes,yes,yes,no,5,5,5,3,2,5,0,13,13,12,1,Aprueba,0,Aprueba,0.998337697803761,0.0016623021962389735,Aprueba,True
GP,F,15,U,LE3,A,3,4,other,other,home,mother,1,2,0,yes,no,no,yes,yes,yes,yes,yes,5,3,2,1,1,1,0,7,10,11,1,Aprueba,0,Aprueba,0.6063342294279188,0.39366577057208124,Aprueba,True
GP,F,19,U,GT3,T,0,1,at_home,other,course,other,1,2,3,no,yes,no,no,no,no,no,no,3,4,2,1,1,5,2,7,8,9,0,Reprueba,1,Reprueba,0.06882937050208904,0.931170629497911,Reprueba,True
GP,M,18,R,GT3,T,2,2,services,other,reputation,mother,1,1,2,no,yes,no,yes,yes,yes,yes,no,3,3,3,1,2,4,0,7,4,0,0,Reprueba,1,Reprueba,0.00028769014289209416,0.9997123098571079,Reprueba,True
GP,M,16,R,GT3,T,4,4,teacher,teacher,course,mother,1,1,0,no,no,yes,yes,yes,yes,yes,no,3,5,5,2,5,4,8,18,18,18,1,Aprueba,0,Aprueba,0.9999995304271121,4.695728879104263e-07,Aprueba,True
GP,F,15,R,GT3,T,3,4,services,teacher,course,father,2,3,2,no,yes,no,no,yes,yes,yes,yes,4,2,2,2,2,5,0,12,0,0,0,Reprueba,1,Reprueba,9.473219001465694e-07,0.9999990526780999,Reprueba,True
GP,F,15,U,GT3,T,1,1,at_home,other,course,mother,3,1,0,no,yes,no,yes,no,yes,yes,yes,4,3,3,1,2,4,0,8,0,0,0,Reprueba,1,Reprueba,8.98417489070269e-07,0.9999991015825109,Reprueba,True
GP,F,17,U,LE3,T,2,2,other,other,course,father,1,1,0,no,yes,no,no,yes,yes,yes,yes,3,4,4,1,3,5,12,10,13,12,1,Aprueba,0,Aprueba,0.9958699009045341,0.004130099095465915,Aprueba,True
GP,F,16,U,GT3,A,3,4,services,other,course,father,1,1,0,no,no,no,no,yes,yes,yes,no,3,2,1,1,4,5,16,12,11,11,1,Aprueba,0,Aprueba,0.9411623487994327,0.05883765120056722,Aprueba,True
GP,M,15,R,GT3,T,3,4,at_home,teacher,course,mother,4,2,0,no,yes,no,no,yes,yes,no,yes,5,3,3,1,1,5,0,9,0,0,0,Reprueba,1,Reprueba,7.62646834462366e-07,0.9999992373531655,Reprueba,True
GP,F,15,U,GT3,T,4,4,services,at_home,course,mother,1,3,0,no,yes,no,yes,yes,yes,yes,yes,4,3,3,1,1,5,0,11,0,0,0,Reprueba,1,Reprueba,7.831287420767552e-07,0.9999992168712579,Reprueba,True
GP,M,17,R,GT3,T,3,4,at_home,other,course,mother,3,2,0,no,no,no,no,yes,yes,no,no,5,4,5,2,4,5,0,10,0,0,0,Reprueba,1,Reprueba,9.225456971684309e-07,0.9999990774543028,Reprueba,True
GP,F,16,U,GT3,A,3,3,other,other,course,other,2,1,2,no,yes,no,yes,no,yes,yes,yes,4,3,2,1,1,5,0,4,0,0,0,Reprueba,1,Reprueba,4.1958549368281695e-07,0.9999995804145063,Reprueba,True
GP,M,16,U,LE3,T,1,1,services,other,course,mother,1,2,1,no,no,no,no,yes,yes,no,yes,4,4,4,1,3,5,0,14,12,12,1,Aprueba,0,Aprueba,0.9913725363901462,0.008627463609853728,Aprueba,True
GP,F,15,U,GT3,T,4,4,teacher,teacher,course,mother,2,1,0,no,no,no,yes,yes,yes,yes,no,4,3,2,1,1,5,0,16,16,15,1,Aprueba,0,Aprueba,0.9999892289635604,1.0771036439596966e-05,Aprueba,True
GP,M,15,U,GT3,T,4,3,teacher,services,course,father,2,4,0,yes,yes,no,no,yes,yes,yes,no,2,2,2,1,1,3,0,7,9,0,0,Reprueba,1,Reprueba,0.14599768818319636,0.8540023118168036,Reprueba,True
GP,M,16,U,LE3,T,2,2,services,services,reputation,father,2,1,2,no,yes,no,yes,yes,yes,yes,no,2,3,3,2,2,2,8,9,9,9,0,Reprueba,1,Reprueba,0.36567624723576875,0.6343237527642313,Reprueba,True
GP,F,15,U,GT3,T,4,4,teacher,services,course,mother,1,3,0,no,yes,yes,yes,yes,yes,yes,no,4,2,2,1,1,5,2,9,11,11,1,Aprueba,0,Aprueba,0.8689167867108273,0.13108321328917272,Aprueba,True
GP,F,16,U,LE3,T,1,1,at_home,at_home,course,mother,1,1,0,no,no,no,no,yes,yes,yes,no,3,4,4,3,3,1,2,14,14,13,1,Aprueba,0,Aprueba,0.999671686728527,0.0003283132714729343,Aprueba,True
GP,M,17,U,GT3,T,2,1,other,other,home,mother,1,1,3,no,yes,no,no,yes,yes,yes,no,5,4,5,1,2,5,0,5,0,0,0,Reprueba,1,Reprueba,5.075571054558026e-07,0.9999994924428945,Reprueba,True
GP,F,15,U,GT3,T,1,1,other,services,course,father,1,2,0,no,yes,yes,no,yes,yes,yes,no,4,4,2,1,2,5,0,8,11,11,1,Aprueba,0,Aprueba,0.8920813324379882,0.10791866756201181,Aprueba,True
GP,F,15,U,GT3,T,3,2,health,services,home,father,1,2,3,no,yes,no,no,yes,yes,yes,no,3,3,2,1,1,3,0,6,7,0,0,Reprueba,1,Reprueba,0.014370006937645563,0.9856299930623544,Reprueba,True
GP,F,15,U,GT3,T,1,2,at_home,other,course,mother,1,2,0,no,yes,yes,no,no,yes,yes,no,4,3,2,1,1,5,2,10,11,11,1,Aprueba,0,Aprueba,0.9195270970283007,0.08047290297169928,Aprueba,True
GP,M,16,U,GT3,T,4,4,teacher,teacher,course,mother,1,1,0,no,yes,no,no,yes,no,yes,yes,3,3,2,2,1,5,0,7,6,0,0,Reprueba,1,Reprueba,0.0056326751713668965,0.9943673248286331,Reprueba,True
GP,M,15,U,LE3,A,2,1,services,other,course,mother,4,1,3,no,no,no,no,yes,yes,yes,no,4,5,5,2,5,5,0,8,9,10,1,Aprueba,1,Reprueba,0.3743838888348209,0.6256161111651791,Aprueba,False
GP,M,18,U,LE3,T,1,1,other,other,course,mother,1,1,3,no,no,no,no,yes,no,yes,yes,2,3,5,2,5,4,0,6,5,0,0,Reprueba,1,Reprueba,0.0010543535761986522,0.9989456464238013,Reprueba,True
GP,M,16,U,LE3,T,2,1,at_home,other,course,mother,1,1,1,no,no,no,yes,yes,yes,no,yes,4,4,4,3,5,5,6,12,13,14,1,Aprueba,0,Aprueba,0.9976164375198837,0.002383562480116315,Aprueba,True
GP,F,15,R,GT3,T,3,3,services,services,reputation,other,2,3,2,no,yes,yes,yes,yes,yes,yes,yes,4,2,1,2,3,3,8,10,10,10,1,Aprueba,0,Aprueba,0.6037405330066601,0.39625946699333997,Aprueba,True
GP,M,19,U,GT3,T,3,2,services,at_home,home,mother,1,1,3,no,yes,no,no,yes,no,yes,yes,4,5,4,1,1,4,0,5,0,0,0,Reprueba,1,Reprueba,5.075571054558026e-07,0.9999994924428945,Reprueba,True
GP,F,17,U,GT3,T,4,4,other,teacher,course,mother,1,1,0,yes,yes,no,no,yes,yes,no,yes,4,2,1,1,1,4,0,11,11,12,1,Aprueba,0,Aprueba,0.9542348719724765,0.04576512802752348,Aprueba,True
GP,M,15,R,GT3,T,2,3,at_home,services,course,mother,1,2,0,yes,no,yes,yes,yes,yes,no,no,4,4,4,1,1,1,2,11,8,8,0,Reprueba,1,Reprueba,0.13664449267867684,0.8633555073213232,Reprueba,True
GP,M,17,R,LE3,T,1,2,other,other,reputation,mother,1,1,0,no,no,no,no,yes,yes,no,no,2,2,2,3,3,5,8,16,12,13,1,Aprueba,0,Aprueba,0.9947866617823092,0.005213338217690771,Aprueba,True
GP,F,18,R,GT3,T,1,1,at_home,other,course,mother,3,1,3,no,yes,no,yes,no,yes,no,no,5,2,5,1,5,4,6,9,8,10,1,Aprueba,1,Reprueba,0.120914875269996,0.879085124730004,Aprueba,False
GP,M,16,R,GT3,T,2,2,at_home,other,course,mother,3,1,0,no,no,no,no,no,yes,no,no,4,2,2,1,2,3,2,17,15,15,1,Aprueba,0,Aprueba,0.9999581822684949,4.181773150512635e-05,Aprueba,True
GP,M,16,U,GT3,T,3,3,other,services,course,father,1,2,1,no,yes,yes,no,yes,yes,yes,yes,4,5,5,4,4,5,4,10,12,12,1,Aprueba,0,Aprueba,0.9795462424660127,0.020453757533987253,Aprueba,True
GP,M,17,R,LE3,T,2,1,at_home,other,course,mother,2,1,2,no,no,no,yes,yes,no,yes,yes,3,3,2,2,2,5,0,7,6,0,0,Reprueba,1,Reprueba,0.0056326751713668965,0.9943673248286331,Reprueba,True
GP,M,15,R,GT3,T,3,2,other,other,course,mother,2,2,2,yes,yes,no,no,yes,yes,yes,yes,4,4,4,1,4,3,6,5,9,7,0,Reprueba,1,Reprueba,0.1666668441567759,0.8333331558432241,Reprueba,True
GP,M,16,U,LE3,T,1,2,other,other,course,mother,2,1,1,no,no,no,yes,yes,yes,no,no,4,4,4,2,4,5,0,7,0,0,0,Reprueba,1,Reprueba,7.427006090132693e-07,0.999999257299391,Reprueba,True
GP,M,17,U,GT3,T,1,3,at_home,services,course,father,1,1,0,no,no,no,no,yes,no,yes,no,5,3,3,1,4,2,2,10,10,10,1,Aprueba,0,Aprueba,0.7858707671975578,0.21412923280244228,Aprueba,True
GP,M,17,R,LE3,T,1,1,other,services,course,mother,4,2,3,no,no,no,yes,yes,no,no,yes,5,3,5,1,5,5,0,5,8,7,0,Reprueba,1,Reprueba,0.050759107893989075,0.9492408921060109,Reprueba,True
GP,M,16,U,GT3,T,3,2,services,services,course,mother,2,1,1,no,yes,no,yes,no,no,no,no,4,5,2,1,1,2,16,12,11,12,1,Aprueba,0,Aprueba,0.9411623487994327,0.05883765120056722,Aprueba,True
GP,M,16,U,GT3,T,2,2,other,other,course,father,1,2,0,no,no,no,no,yes,no,yes,no,4,3,5,2,4,4,4,10,10,10,1,Aprueba,0,Aprueba,0.708705690789912,0.29129430921008803,Aprueba,True
GP,F,16,U,GT3,T,4,2,health,services,home,father,1,2,0,no,no,yes,no,yes,yes,yes,yes,4,2,3,1,1,3,0,14,15,16,1,Aprueba,0,Aprueba,0.9999003617483667,9.963825163333511e-05,Aprueba,True
GP,F,16,U,GT3,T,2,2,other,other,home,mother,1,2,0,no,yes,yes,no,no,yes,yes,no,5,1,5,1,1,4,0,6,7,0,0,Reprueba,1,Reprueba,0.014370006937645563,0.9856299930623544,Reprueba,True
GP,F,16,U,GT3,T,4,4,health,health,reputation,mother,1,2,0,no,yes,yes,no,yes,yes,yes,yes,4,4,2,1,1,3,0,14,14,14,1,Aprueba,0,Aprueba,0.999558087414697,0.000441912585303019,Aprueba,True
GP,M,16,U,GT3,T,3,4,other,other,course,father,3,1,2,no,yes,no,yes,no,yes,yes,no,3,4,5,2,4,2,0,6,5,0,0,Reprueba,1,Reprueba,0.0010543535761986522,0.9989456464238013,Reprueba,True
GP,M,16,U,GT3,T,1,0,other,other,reputation,mother,2,2,0,no,yes,yes,yes,yes,yes,yes,yes,4,3,2,1,1,3,2,13,15,16,1,Aprueba,0,Aprueba,0.9998724147618789,0.00012758523812111467,Aprueba,True
GP,M,17,U,LE3,T,4,4,teacher,other,reputation,mother,1,2,0,no,yes,yes,yes,yes,yes,yes,no,4,4,4,1,3,5,0,13,11,10,1,Aprueba,0,Aprueba,0.9553784022656463,0.04462159773435373,Aprueba,True
GP,F,16,U,GT3,T,1,3,at_home,services,home,mother,1,2,3,no,no,no,yes,no,yes,yes,yes,4,3,5,1,1,3,0,8,7,0,0,Reprueba,1,Reprueba,0.02088835563024305,0.979111644369757,Reprueba,True
GP,F,16,U,LE3,T,3,3,other,other,reputation,mother,2,2,0,no,yes,yes,yes,yes,yes,yes,no,4,4,5,1,1,4,4,10,11,9,0,Reprueba,0,Aprueba,0.9152129943496743,0.08478700565032565,Reprueba,False
GP,M,17,U,LE3,T,4,3,teacher,other,course,mother,2,2,0,no,no,yes,yes,yes,yes,yes,no,4,4,4,4,4,4,4,10,9,9,0,Reprueba,1,Reprueba,0.35416020564341677,0.6458397943565832,Reprueba,True
GP,F,16,U,GT3,T,2,2,services,other,reputation,mother,2,2,0,no,no,yes,yes,no,yes,yes,no,3,4,4,1,4,5,2,13,13,11,1,Aprueba,0,Aprueba,0.9974945583282567,0.0025054416717433152,Aprueba,True
GP,M,17,U,GT3,T,3,3,other,other,reputation,father,1,2,0,no,no,no,yes,no,yes,yes,no,4,3,4,1,4,4,4,6,5,6,0,Reprueba,1,Reprueba,0.000660532543361847,0.9993394674566382,Reprueba,True
GP,M,16,R,GT3,T,4,2,teacher,services,other,mother,1,1,0,no,yes,no,yes,yes,yes,yes,yes,4,3,3,3,4,3,10,10,8,9,0,Reprueba,1,Reprueba,0.12928427555895483,0.8707157244410452,Reprueba,True
GP,M,17,U,GT3,T,4,3,other,other,course,mother,1,2,0,no,yes,no,yes,yes,yes,yes,yes,5,2,3,1,1,2,4,10,10,11,1,Aprueba,0,Aprueba,0.708705690789912,0.29129430921008803,Aprueba,True
GP,M,16,U,GT3,T,4,3,teacher,other,home,mother,1,2,0,no,yes,yes,yes,yes,yes,yes,no,3,4,3,2,3,3,10,9,8,8,0,Reprueba,1,Reprueba,0.07930513097832192,0.9206948690216781,Reprueba,True
GP,M,16,U,GT3,T,3,3,services,other,home,mother,1,2,0,no,no,yes,yes,yes,yes,yes,yes,4,2,3,1,2,3,2,12,13,12,1,Aprueba,0,Aprueba,0.9969708505058805,0.0030291494941194408,Aprueba,True
GP,F,17,U,GT3,T,2,4,services,services,reputation,father,1,2,0,no,yes,no,yes,yes,yes,no,no,5,4,2,2,3,5,0,16,17,17,1,Aprueba,0,Aprueba,0.9999965404390981,3.4595609018621095e-06,Aprueba,True
GP,F,17,U,LE3,T,3,3,other,other,reputation,mother,1,2,0,no,yes,no,yes,yes,yes,yes,yes,5,3,3,2,3,1,56,9,9,8,0,Reprueba,1,Reprueba,0.09353808236206052,0.9064619176379395,Reprueba,True
GP,F,16,U,GT3,T,3,2,other,other,reputation,mother,1,2,0,no,yes,yes,no,yes,yes,yes,no,1,2,2,1,2,1,14,12,13,12,1,Aprueba,0,Aprueba,0.9957428656900792,0.004257134309920841,Aprueba,True
GP,M,17,U,GT3,T,3,3,services,services,other,mother,1,2,0,no,yes,no,yes,yes,yes,yes,yes,4,3,4,2,3,4,12,12,12,11,1,Aprueba,0,Aprueba,0.9823967028105725,0.017603297189427578,Aprueba,True
GP,M,16,U,GT3,T,1,2,services,services,other,mother,1,1,0,no,yes,yes,yes,yes,yes,yes,yes,3,3,3,1,2,3,2,11,12,11,1,Aprueba,0,Aprueba,0.9886863958231245,0.011313604176875571,Aprueba,True
GP,M,16,U,LE3,T,2,1,other,other,course,mother,1,2,0,no,no,yes,yes,yes,yes,yes,yes,4,2,3,1,2,5,0,15,15,15,1,Aprueba,0,Aprueba,0.9999176299910129,8.23700089871157e-05,Aprueba,True
GP,F,17,U,GT3,A,3,3,health,other,reputation,mother,1,2,0,no,yes,no,no,no,yes,yes,yes,3,3,3,1,3,3,6,8,7,9,0,Reprueba,1,Reprueba,0.01766708035998421,0.9823329196400158,Reprueba,True
GP,M,17,R,GT3,T,1,2,at_home,other,home,mother,1,2,0,no,no,no,no,yes,yes,no,no,3,1,3,1,5,3,4,8,9,10,1,Aprueba,1,Reprueba,0.2725970025457226,0.7274029974542774,Aprueba,False
GP,F,16,U,GT3,T,2,3,services,services,course,mother,1,2,0,no,no,no,no,yes,yes,yes,no,4,3,3,1,1,2,10,11,12,13,1,Aprueba,0,Aprueba,0.9799346499484917,0.020065350051508328,Aprueba,True
GP,F,17,U,GT3,T,1,1,at_home,services,course,mother,1,2,0,no,no,no,yes,yes,yes,yes,no,5,3,3,1,1,3,0,8,8,9,0,Reprueba,1,Reprueba,0.08646788143158479,0.9135321185684152,Reprueba,True
GP,M,17,U,GT3,T,1,2,at_home,services,other,other,2,2,0,no,no,yes,yes,no,yes,yes,no,4,4,4,4,5,5,12,7,8,8,0,Reprueba,1,Reprueba,0.05267833956935841,0.9473216604306416,Reprueba,True
GP,M,16,R,GT3,T,3,3,services,services,reputation,mother,1,1,0,no,yes,no,yes,yes,yes,yes,no,4,3,2,3,4,5,8,8,9,10,1,Aprueba,1,Reprueba,0.3227520407931066,0.6772479592068934,Aprueba,False
GP,M,16,U,GT3,T,2,3,other,other,home,father,2,1,0,no,no,no,no,yes,yes,yes,no,5,3,3,1,1,3,0,13,14,14,1,Aprueba,0,Aprueba,0.9996248451288331,0.0003751548711669152,Aprueba,True
GP,F,17,U,LE3,T,2,4,services,services,course,father,1,2,0,no,no,no,yes,yes,yes,yes,yes,4,3,2,1,1,5,0,14,15,15,1,Aprueba,0,Aprueba,0.9999003617483667,9.963825163333511e-05,Aprueba,True
GP,M,17,U,GT3,T,4,4,services,teacher,home,mother,1,1,0,no,no,no,no,yes,yes,yes,no,5,2,3,1,2,5,4,17,15,16,1,Aprueba,0,Aprueba,0.9999557328675791,4.42671324208824e-05,Aprueba,True
GP,M,16,R,LE3,T,3,3,teacher,other,home,father,3,1,0,no,yes,yes,yes,yes,yes,yes,no,3,3,4,3,5,3,8,9,9,10,1,Aprueba,1,Reprueba,0.36567624723576875,0.6343237527642313,Aprueba,False
GP,F,17,U,GT3,T,4,4,services,teacher,home,mother,2,1,1,no,yes,no,no,yes,yes,yes,no,4,2,4,2,3,2,24,18,18,18,1,Aprueba,0,Aprueba,0.9999992595789355,7.404210644932872e-07,Aprueba,True
GP,F,16,U,LE3,T,4,4,teacher,teacher,reputation,mother,1,2,0,no,yes,yes,no,yes,yes,yes,no,4,5,2,1,2,3,0,9,9,10,1,Aprueba,1,Reprueba,0.33686525828179015,0.6631347417182099,Aprueba,False
GP,F,16,U,GT3,T,4,3,health,other,home,mother,1,2,0,no,yes,no,yes,yes,yes,yes,no,4,3,5,1,5,2,2,16,16,16,1,Aprueba,0,Aprueba,0.9999837521324566,1.624786754338433e-05,Aprueba,True
GP,F,16,U,GT3,T,2,3,other,other,reputation,mother,1,2,0,yes,yes,yes,yes,yes,yes,no,no,4,4,3,1,3,4,6,8,10,10,1,Aprueba,0,Aprueba,0.6109952698842358,0.3890047301157642,Aprueba,True
GP,F,17,U,GT3,T,1,1,other,other,course,mother,1,2,0,no,yes,yes,no,no,yes,no,no,4,4,4,1,3,1,4,9,9,10,1,Aprueba,1,Reprueba,0.3119230577428368,0.6880769422571632,Aprueba,False
GP,F,17,R,GT3,T,2,2,other,other,reputation,mother,1,1,0,no,yes,no,no,yes,yes,yes,no,5,3,2,1,2,3,18,7,6,6,0,Reprueba,1,Reprueba,0.0033821950570038783,0.9966178049429961,Reprueba,True
GP,F,16,R,GT3,T,2,2,services,services,reputation,mother,2,4,0,no,yes,yes,yes,no,yes,yes,no,5,3,5,1,1,5,6,10,10,11,1,Aprueba,0,Aprueba,0.5309149694884621,0.469085030511538,Aprueba,True
GP,F,17,U,GT3,T,3,4,at_home,services,home,mother,1,3,1,no,yes,yes,no,yes,yes,yes,yes,4,4,3,3,4,5,28,10,9,9,0,Reprueba,1,Reprueba,0.16272679751383057,0.8372732024861694,Reprueba,True
GP,F,16,U,GT3,A,3,1,services,other,course,mother,1,2,3,no,yes,yes,no,yes,yes,yes,no,2,3,3,2,2,4,5,7,7,7,0,Reprueba,1,Reprueba,0.015066401803082163,0.9849335981969178,Reprueba,True
GP,F,16,U,GT3,T,4,3,teacher,other,other,mother,1,2,0,no,no,yes,yes,yes,yes,yes,yes,1,3,2,1,1,1,10,11,12,13,1,Aprueba,0,Aprueba,0.9799346499484917,0.020065350051508328,Aprueba,True
GP,F,16,U,GT3,T,1,1,at_home,other,home,mother,2,1,0,no,yes,yes,no,yes,yes,no,no,4,3,2,1,4,5,6,9,9,10,1,Aprueba,1,Reprueba,0.37897840472368494,0.6210215952763151,Aprueba,False
GP,F,17,R,GT3,T,4,3,teacher,other,reputation,mother,2,3,0,no,yes,yes,yes,yes,yes,yes,yes,4,4,2,1,1,4,6,7,7,7,0,Reprueba,1,Reprueba,0.010325585196244713,0.9896744148037553,Reprueba,True
GP,F,19,U,GT3,T,3,3,other,other,reputation,other,1,4,0,no,yes,yes,yes,yes,yes,yes,no,4,3,3,1,2,3,10,8,8,8,0,Reprueba,1,Reprueba,0.03387775487466249,0.9661222451253375,Reprueba,True
GP,M,17,U,LE3,T,4,4,services,other,home,mother,1,2,0,no,yes,yes,no,yes,yes,yes,yes,5,3,5,4,5,3,13,12,12,13,1,Aprueba,0,Aprueba,0.9818976753823845,0.018102324617615562,Aprueba,True
GP,F,16,U,GT3,A,2,2,other,other,reputation,mother,1,2,0,yes,yes,yes,no,yes,yes,yes,no,3,3,4,1,1,4,0,12,13,14,1,Aprueba,0,Aprueba,0.9971379875112342,0.0028620124887658023,Aprueba,True
GP,M,18,U,GT3,T,2,2,services,other,home,mother,1,2,1,no,yes,yes,yes,yes,yes,yes,no,4,4,4,2,4,5,15,6,7,8,0,Reprueba,1,Reprueba,0.00942358544427202,0.990576414555728,Reprueba,True
GP,F,17,R,LE3,T,4,4,services,other,other,mother,1,1,0,no,yes,yes,no,yes,yes,no,no,5,2,1,1,2,3,12,8,10,10,1,Aprueba,0,Aprueba,0.6536011074709085,0.3463988925290915,Aprueba,True
GP,F,17,U,LE3,T,3,2,other,other,reputation,mother,2,2,0,no,no,yes,no,yes,yes,yes,no,4,4,4,1,3,1,2,14,15,15,1,Aprueba,0,Aprueba,0.9998945259682428,0.00010547403175722096,Aprueba,True
GP,F,17,U,GT3,T,4,3,other,other,reputation,mother,1,2,2,no,no,yes,no,yes,yes,yes,yes,3,4,5,2,4,1,22,6,6,4,0,Reprueba,1,Reprueba,0.001753799542431378,0.9982462004575686,Reprueba,True
GP,M,18,U,LE3,T,3,3,services,health,home,father,1,2,1,no,yes,yes,no,yes,yes,yes,no,3,2,4,2,4,4,13,6,6,8,0,Reprueba,1,Reprueba,0.002264678517373664,0.9977353214826263,Reprueba,True
GP,F,17,U,GT3,T,2,3,at_home,other,home,father,2,1,0,no,yes,yes,no,yes,yes,no,no,3,3,3,1,4,3,3,7,7,8,0,Reprueba,1,Reprueba,0.022554662134320114,0.9774453378656799,Reprueba,True
GP,F,17,U,GT3,T,2,2,at_home,at_home,course,mother,1,3,0,no,yes,yes,yes,yes,yes,yes,no,4,3,3,1,1,4,4,9,10,10,1,Aprueba,0,Aprueba,0.5853031724387361,0.4146968275612639,Aprueba,True
GP,F,17,R,GT3,T,2,1,at_home,services,reputation,mother,2,2,0,no,yes,no,yes,yes,yes,yes,no,4,2,5,1,2,5,2,6,6,6,0,Reprueba,1,Reprueba,0.003094682052106279,0.9969053179478937,Reprueba,True
GP,F,17,U,GT3,T,1,1,at_home,other,reputation,mother,1,3,1,no,yes,no,yes,yes,yes,no,yes,4,3,4,1,1,5,0,6,5,0,0,Reprueba,1,Reprueba,0.0005194936050223475,0.9994805063949777,Reprueba,True
GP,F,16,U,GT3,T,2,3,services,teacher,other,mother,1,2,0,yes,no,no,no,yes,yes,yes,no,2,3,1,1,1,3,2,16,16,17,1,Aprueba,0,Aprueba,0.9999837521324566,1.624786754338433e-05,Aprueba,True
GP,M,18,U,GT3,T,2,2,other,other,home,mother,2,2,0,no,yes,yes,no,yes,yes,yes,no,3,3,3,5,5,4,0,12,13,13,1,Aprueba,0,Aprueba,0.9971379875112342,0.0028620124887658023,Aprueba,True
GP,F,16,U,GT3,T,4,4,teacher,services,home,mother,1,3,0,no,yes,no,yes,no,yes,yes,no,5,3,2,1,1,5,0,13,13,14,1,Aprueba,0,Aprueba,0.9966301925412786,0.003369807458721421,Aprueba,True
GP,F,18,R,GT3,T,3,1,other,other,reputation,mother,1,2,1,no,no,no,yes,yes,yes,yes,yes,5,3,3,1,1,4,16,9,8,7,0,Reprueba,1,Reprueba,0.06769805670130502,0.932301943298695,Reprueba,True
GP,F,17,U,GT3,T,3,2,other,other,course,mother,1,2,0,no,no,no,yes,no,yes,yes,no,5,3,4,1,3,3,10,16,15,15,1,Aprueba,0,Aprueba,0.9999094869895052,9.051301049475322e-05,Aprueba,True
GP,M,17,U,LE3,T,2,3,services,services,reputation,father,1,2,0,no,yes,yes,no,no,yes,yes,no,5,3,3,1,3,3,2,12,11,12,1,Aprueba,0,Aprueba,0.9435675184141805,0.056432481585819504,Aprueba,True
GP,M,18,U,LE3,T,2,1,at_home,other,course,mother,4,2,0,yes,yes,yes,yes,yes,yes,yes,yes,4,3,2,4,5,3,14,10,8,9,0,Reprueba,1,Reprueba,0.08507313938279026,0.9149268606172097,Reprueba,True
GP,F,17,U,GT3,A,2,1,other,other,course,mother,2,3,0,no,no,no,yes,yes,yes,yes,yes,3,2,3,1,2,3,10,12,10,12,1,Aprueba,0,Aprueba,0.6780522008370444,0.32194779916295563,Aprueba,True
GP,F,17,U,LE3,T,4,3,health,other,reputation,father,1,2,0,no,no,no,yes,yes,yes,yes,yes,3,2,3,1,2,3,14,13,13,14,1,Aprueba,0,Aprueba,0.9964781290793489,0.003521870920651182,Aprueba,True
GP,M,17,R,GT3,T,2,2,other,other,course,father,2,2,0,no,yes,yes,yes,yes,yes,yes,no,4,5,2,1,1,1,4,11,11,11,1,Aprueba,0,Aprueba,0.9288631897700399,0.07113681022996012,Aprueba,True
GP,M,17,U,GT3,T,4,4,teacher,teacher,reputation,mother,1,2,0,yes,yes,no,yes,yes,yes,yes,yes,4,5,5,1,3,2,14,11,9,9,0,Reprueba,1,Reprueba,0.33290341181860106,0.6670965881813989,Reprueba,True
GP,M,16,U,GT3,T,4,4,health,other,reputation,father,1,2,0,no,yes,yes,yes,yes,yes,yes,no,4,2,4,2,4,1,2,14,13,13,1,Aprueba,0,Aprueba,0.9979279108065481,0.0020720891934519455,Aprueba,True
GP,M,16,U,LE3,T,1,1,other,other,home,mother,2,2,0,no,yes,yes,no,yes,yes,yes,no,3,4,2,1,1,5,18,9,7,6,0,Reprueba,1,Reprueba,0.01522563464309079,0.9847743653569092,Reprueba,True
GP,M,16,U,GT3,T,3,2,at_home,other,reputation,mother,2,3,0,no,no,no,yes,yes,yes,yes,yes,5,3,3,1,3,2,10,11,9,10,1,Aprueba,1,Reprueba,0.28182732635996266,0.7181726736400373,Aprueba,False
GP,M,17,U,LE3,T,2,2,other,other,home,father,1,2,0,no,no,yes,yes,no,yes,yes,yes,4,4,2,5,5,4,4,14,13,13,1,Aprueba,0,Aprueba,0.9978068026098263,0.0021931973901736187,Aprueba,True
GP,F,16,U,GT3,T,2,1,other,other,home,mother,1,1,0,no,no,no,no,yes,yes,yes,yes,4,5,2,1,1,5,20,13,12,12,1,Aprueba,0,Aprueba,0.9871151571697768,0.012884842830223214,Aprueba,True
GP,F,17,R,GT3,T,2,1,at_home,services,course,mother,3,2,0,no,no,no,yes,yes,yes,no,no,2,1,1,1,1,3,2,13,11,11,1,Aprueba,0,Aprueba,0.9528877935026884,0.04711220649731158,Aprueba,True
GP,M,18,U,GT3,T,2,2,other,services,reputation,father,1,2,1,no,no,no,no,yes,no,yes,no,5,5,4,3,5,2,0,7,7,0,0,Reprueba,1,Reprueba,0.017330654351464303,0.9826693456485357,Reprueba,True
GP,M,17,U,LE3,T,4,3,health,other,course,mother,2,2,0,no,no,no,yes,yes,yes,yes,yes,2,5,5,1,4,5,14,12,12,12,1,Aprueba,0,Aprueba,0.9813847693276744,0.018615230672325622,Aprueba,True
GP,M,17,R,LE3,A,4,4,teacher,other,course,mother,2,2,0,no,yes,yes,no,yes,yes,yes,no,3,3,3,2,3,4,2,10,11,12,1,Aprueba,0,Aprueba,0.9195270970283007,0.08047290297169928,Aprueba,True
GP,M,16,U,LE3,T,4,3,teacher,other,course,mother,1,1,0,no,no,no,yes,no,yes,yes,no,5,4,5,1,1,3,0,6,0,0,0,Reprueba,1,Reprueba,6.139731100196499e-07,0.99999938602689,Reprueba,True
GP,M,16,U,GT3,T,4,4,services,services,course,mother,1,1,0,no,no,no,yes,yes,yes,yes,no,5,3,2,1,2,5,0,13,12,12,1,Aprueba,0,Aprueba,0.9926667759438672,0.007333224056132766,Aprueba,True
GP,F,18,U,GT3,T,2,1,other,other,course,other,2,3,0,no,yes,yes,no,no,yes,yes,yes,4,4,4,1,1,3,0,7,0,0,0,Reprueba,1,Reprueba,3.657424790803887e-07,0.9999996342575209,Reprueba,True
GP,M,16,U,GT3,T,2,1,other,other,course,mother,3,1,0,no,no,no,no,yes,yes,yes,no,4,3,3,1,1,4,6,18,18,18,1,Aprueba,0,Aprueba,0.9999995564107209,4.4358927912125186e-07,Aprueba,True
GP,M,17,U,GT3,T,2,3,other,other,course,father,2,1,0,no,no,no,no,yes,yes,yes,no,5,2,2,1,1,2,4,12,12,13,1,Aprueba,0,Aprueba,0.9900854592347864,0.009914540765213562,Aprueba,True
GP,M,22,U,GT3,T,3,1,services,services,other,mother,1,1,3,no,no,no,no,no,no,yes,yes,5,4,5,5,5,1,16,6,8,8,0,Reprueba,1,Reprueba,0.055229576868677244,0.9447704231313228,Reprueba,True
GP,M,18,R,LE3,T,3,3,other,services,course,mother,1,2,1,no,yes,no,no,yes,yes,yes,yes,4,3,3,1,3,5,8,3,5,5,0,Reprueba,1,Reprueba,0.0003331187371375943,0.9996668812628624,Reprueba,True
GP,M,16,U,GT3,T,0,2,other,other,other,mother,1,1,0,no,no,yes,no,no,yes,yes,no,4,3,2,2,4,5,0,13,15,15,1,Aprueba,0,Aprueba,0.9999154180188763,8.458198112371378e-05,Aprueba,True
GP,M,18,U,GT3,T,3,2,services,other,course,mother,2,1,1,no,no,no,no,yes,no,yes,no,4,4,5,2,4,5,0,6,8,8,0,Reprueba,1,Reprueba,0.08439726587590701,0.915602734124093,Reprueba,True
GP,M,16,U,GT3,T,3,3,at_home,other,reputation,other,3,2,0,yes,yes,no,no,no,yes,yes,no,5,3,3,1,3,2,6,7,10,10,1,Aprueba,0,Aprueba,0.5649203679861784,0.4350796320138216,Aprueba,True
GP,M,18,U,GT3,T,2,1,services,services,other,mother,1,1,1,no,no,no,no,no,no,yes,no,3,2,5,2,5,5,4,6,9,8,0,Reprueba,1,Reprueba,0.2673737487891271,0.7326262512108729,Reprueba,True
GP,M,16,R,GT3,T,2,1,other,other,course,mother,2,1,0,no,no,no,yes,no,yes,no,no,3,3,2,1,3,3,0,8,9,8,0,Reprueba,1,Reprueba,0.3743838888348209,0.6256161111651791,Reprueba,True
GP,M,17,R,GT3,T,2,1,other,other,course,mother,1,1,0,no,no,no,no,no,yes,yes,no,4,4,2,2,4,5,0,8,12,12,1,Aprueba,0,Aprueba,0.9812248917178901,0.018775108282109987,Aprueba,True
GP,M,17,U,LE3,T,1,1,health,other,course,mother,2,1,1,no,yes,no,yes,yes,yes,yes,no,4,4,4,1,2,5,2,7,9,8,0,Reprueba,1,Reprueba,0.3184895951089559,0.6815104048910441,Reprueba,True
GP,F,17,U,LE3,T,4,2,teacher,services,reputation,mother,1,4,0,no,yes,yes,yes,yes,yes,yes,no,4,2,3,1,1,4,6,14,12,13,1,Aprueba,0,Aprueba,0.9794675490144703,0.020532450985529686,Aprueba,True
GP,M,19,U,LE3,A,4,3,services,at_home,reputation,mother,1,2,0,no,yes,no,no,yes,yes,yes,no,4,3,1,1,1,1,12,11,11,11,1,Aprueba,0,Aprueba,0.9122689249098416,0.08773107509015839,Aprueba,True
GP,M,18,U,GT3,T,2,1,other,other,home,mother,1,2,0,no,no,no,yes,yes,yes,yes,no,5,2,4,1,2,4,8,15,14,14,1,Aprueba,0,Aprueba,0.9995412748885661,0.00045872511143383877,Aprueba,True
GP,F,17,U,LE3,T,2,2,services,services,course,father,1,4,0,no,no,yes,yes,yes,yes,yes,yes,3,4,1,1,1,2,0,10,9,0,0,Reprueba,1,Reprueba,0.23230932926744807,0.7676906707325519,Reprueba,True
GP,F,18,U,GT3,T,4,3,services,other,home,father,1,2,0,no,yes,yes,no,yes,yes,yes,yes,3,1,2,1,3,2,21,17,18,18,1,Aprueba,0,Aprueba,0.9999988281302128,1.1718697871715203e-06,Aprueba,True
GP,M,18,U,GT3,T,4,3,teacher,other,course,mother,1,2,0,no,yes,yes,no,no,yes,yes,no,4,3,2,1,1,3,2,8,8,8,0,Reprueba,1,Reprueba,0.08207592293337163,0.9179240770666284,Reprueba,True
GP,M,18,R,GT3,T,3,2,other,other,course,mother,1,3,0,no,no,no,yes,no,yes,no,no,5,3,2,1,1,3,1,13,12,12,1,Aprueba,0,Aprueba,0.9848001567869692,0.015199843213030794,Aprueba,True
GP,F,17,U,GT3,T,3,3,other,other,home,mother,1,3,0,no,no,no,yes,no,yes,no,no,3,2,3,1,1,4,4,10,9,9,0,Reprueba,1,Reprueba,0.27788359172986066,0.7221164082701393,Reprueba,True
GP,F,18,U,GT3,T,2,2,at_home,services,home,mother,1,3,0,no,yes,yes,yes,yes,yes,yes,yes,4,3,3,1,1,3,0,9,10,0,0,Reprueba,0,Aprueba,0.6126419428482677,0.38735805715173227,Reprueba,False
GP,M,18,R,LE3,A,3,4,other,other,reputation,mother,2,2,0,no,yes,yes,yes,yes,yes,yes,no,4,2,5,3,4,1,13,17,17,17,1,Aprueba,0,Aprueba,0.9999958595352326,4.140464767388569e-06,Aprueba,True
GP,M,17,U,GT3,T,3,1,services,other,other,mother,1,2,0,no,no,yes,yes,yes,yes,yes,yes,5,4,4,3,4,5,2,9,9,10,1,Aprueba,1,Reprueba,0.3242694386677317,0.6757305613322683,Aprueba,False
GP,F,18,R,GT3,T,4,4,teacher,other,reputation,mother,2,2,0,no,no,yes,yes,yes,yes,yes,no,4,3,4,2,2,4,8,12,10,11,1,Aprueba,0,Aprueba,0.7605944436381475,0.23940555636185246,Aprueba,True
GP,M,18,U,GT3,T,4,2,health,other,reputation,father,1,2,0,no,yes,yes,yes,yes,yes,yes,yes,5,4,5,1,3,5,10,10,9,10,1,Aprueba,1,Reprueba,0.316138388033686,0.683861611966314,Aprueba,False
GP,F,18,R,GT3,T,2,1,other,other,reputation,mother,2,2,0,no,yes,no,no,yes,no,yes,yes,4,3,5,1,2,3,0,6,0,0,0,Reprueba,1,Reprueba,4.3085403111930987e-07,0.9999995691459689,Reprueba,True
GP,F,19,U,GT3,T,3,3,other,services,home,other,1,2,2,no,yes,yes,yes,yes,yes,yes,no,4,3,5,3,3,5,15,9,9,9,0,Reprueba,1,Reprueba,0.2489484003465985,0.7510515996534015,Reprueba,True
GP,F,18,U,GT3,T,2,3,other,services,reputation,father,1,4,0,no,yes,yes,yes,yes,yes,yes,yes,4,5,5,1,3,2,4,15,14,14,1,Aprueba,0,Aprueba,0.9991690300504694,0.0008309699495305387,Aprueba,True
GP,F,18,U,LE3,T,1,1,other,other,home,mother,2,2,0,no,yes,yes,no,no,yes,no,no,4,4,3,1,1,3,2,11,11,11,1,Aprueba,0,Aprueba,0.9325339471934198,0.06746605280658023,Aprueba,True
GP,M,17,R,GT3,T,1,2,at_home,at_home,home,mother,1,2,0,no,yes,yes,yes,no,yes,no,yes,3,5,2,2,2,1,2,15,14,14,1,Aprueba,0,Aprueba,0.9996132611155075,0.0003867388844924302,Aprueba,True
GP,F,17,U,GT3,T,2,4,at_home,health,reputation,mother,2,2,0,no,yes,yes,no,yes,yes,yes,yes,4,3,3,1,1,1,2,10,10,10,1,Aprueba,0,Aprueba,0.7203162152945793,0.27968378470542066,Aprueba,True
GP,F,17,U,LE3,T,2,2,services,other,course,mother,2,2,0,yes,yes,yes,no,yes,yes,yes,yes,4,4,4,2,3,5,6,12,12,12,1,Aprueba,0,Aprueba,0.9851190758636267,0.014880924136373362,Aprueba,True
GP,F,18,R,GT3,A,3,2,other,services,home,mother,2,2,0,no,no,no,no,no,no,yes,yes,4,1,1,1,1,5,75,10,9,9,0,Reprueba,1,Reprueba,0.06775983638788552,0.9322401636121145,Reprueba,True
GP,M,18,U,GT3,T,4,4,teacher,services,home,mother,2,1,0,no,no,yes,yes,yes,yes,yes,no,3,2,4,1,4,3,22,9,9,9,0,Reprueba,1,Reprueba,0.279029159753729,0.720970840246271,Reprueba,True
GP,F,18,U,GT3,T,4,4,health,health,reputation,father,1,2,1,yes,yes,no,yes,yes,yes,yes,yes,2,4,4,1,1,4,15,9,8,8,0,Reprueba,1,Reprueba,0.0695167059439985,0.9304832940560015,Reprueba,True
GP,M,18,U,LE3,T,4,3,teacher,services,course,mother,2,1,0,no,no,yes,yes,yes,yes,yes,no,4,2,3,1,2,1,8,10,11,10,1,Aprueba,0,Aprueba,0.9320964220096152,0.06790357799038485,Aprueba,True
GP,M,17,U,LE3,A,4,1,services,other,home,mother,2,1,0,no,no,yes,yes,yes,yes,yes,yes,4,5,4,2,4,5,30,8,8,8,0,Reprueba,1,Reprueba,0.05430875891024678,0.9456912410897532,Reprueba,True
GP,M,17,U,LE3,A,3,2,teacher,services,home,mother,1,1,1,no,no,no,no,yes,yes,yes,no,4,4,4,3,4,3,19,11,9,10,1,Aprueba,1,Reprueba,0.3814940229055189,0.6185059770944811,Aprueba,False
GP,F,18,R,LE3,T,1,1,at_home,other,reputation,mother,2,4,0,no,yes,yes,yes,yes,yes,no,no,5,2,2,1,1,3,1,12,12,12,1,Aprueba,0,Aprueba,0.9740838144290405,0.025916185570959514,Aprueba,True
GP,F,18,U,GT3,T,1,1,other,other,home,mother,2,2,0,yes,no,no,yes,yes,yes,yes,no,5,4,4,1,1,4,4,8,9,10,1,Aprueba,1,Reprueba,0.2725970025457226,0.7274029974542774,Aprueba,False
GP,F,17,U,GT3,T,2,2,other,other,course,mother,1,2,0,no,yes,no,no,no,yes,yes,no,5,4,5,1,2,5,4,10,9,11,1,Aprueba,1,Reprueba,0.35416020564341677,0.6458397943565832,Aprueba,False
GP,M,17,U,GT3,T,1,1,other,other,reputation,father,1,2,0,no,no,yes,no,no,yes,yes,no,4,3,3,1,2,4,2,12,10,11,1,Aprueba,0,Aprueba,0.7902966885904594,0.2097033114095406,Aprueba,True
GP,F,18,U,GT3,T,2,2,at_home,at_home,other,mother,1,3,0,no,yes,yes,no,yes,yes,yes,no,4,3,3,1,2,2,5,18,18,19,1,Aprueba,0,Aprueba,0.9999991244954624,8.755045375913606e-07,Aprueba,True
GP,F,17,U,GT3,T,1,1,services,teacher,reputation,mother,1,3,0,no,yes,yes,no,yes,yes,yes,no,4,3,3,1,1,3,6,13,12,12,1,Aprueba,0,Aprueba,0.9825162059983125,0.017483794001687543,Aprueba,True
GP,M,18,U,GT3,T,2,1,services,services,reputation,mother,1,3,0,no,no,yes,yes,yes,yes,yes,no,4,2,4,1,3,2,6,15,14,14,1,Aprueba,0,Aprueba,0.999382579786887,0.0006174202131129738,Aprueba,True
GP,M,18,U,LE3,A,4,4,teacher,teacher,reputation,mother,1,2,0,no,yes,yes,yes,yes,yes,yes,no,5,4,3,1,1,2,9,15,13,15,1,Aprueba,0,Aprueba,0.9979094389021859,0.002090561097814175,Aprueba,True
GP,M,18,U,GT3,T,4,2,teacher,other,home,mother,1,2,0,no,yes,yes,yes,yes,yes,yes,yes,4,3,2,1,4,5,11,12,11,11,1,Aprueba,0,Aprueba,0.9282732844207938,0.07172671557920622,Aprueba,True
GP,F,17,U,GT3,T,4,3,health,services,reputation,mother,1,3,0,no,yes,yes,no,yes,yes,yes,no,4,2,2,1,2,3,0,15,15,15,1,Aprueba,0,Aprueba,0.999882625655646,0.00011737434435397892,Aprueba,True
GP,F,18,U,LE3,T,2,1,services,at_home,reputation,mother,1,2,1,no,no,no,no,yes,yes,yes,yes,5,4,3,1,1,5,12,12,12,13,1,Aprueba,0,Aprueba,0.9823967028105725,0.017603297189427578,Aprueba,True
GP,F,17,R,LE3,T,3,1,services,other,reputation,mother,2,4,0,no,yes,yes,no,yes,yes,no,no,3,1,2,1,1,3,6,18,18,18,1,Aprueba,0,Aprueba,0.999998716374058,1.283625942001936e-06,Aprueba,True
GP,M,18,R,LE3,T,3,2,services,other,reputation,mother,2,3,0,no,yes,yes,yes,yes,yes,yes,no,5,4,2,1,1,4,8,14,13,14,1,Aprueba,0,Aprueba,0.9965023782852339,0.003497621714766088,Aprueba,True
GP,M,17,U,GT3,T,3,3,health,other,home,mother,1,1,0,no,yes,yes,no,yes,yes,yes,no,4,4,3,1,3,5,4,14,12,11,1,Aprueba,0,Aprueba,0.9932031289704836,0.006796871029516464,Aprueba,True
GP,F,19,U,GT3,T,4,4,health,other,reputation,other,2,2,0,no,yes,yes,yes,yes,yes,yes,no,2,3,4,2,3,2,0,10,9,0,0,Reprueba,1,Reprueba,0.38061158623089486,0.6193884137691051,Reprueba,True
GP,F,18,U,LE3,T,4,3,other,other,home,other,2,2,0,no,yes,yes,no,yes,yes,yes,yes,4,4,5,1,2,2,10,10,8,8,0,Reprueba,1,Reprueba,0.09436348541125772,0.9056365145887423,Reprueba,True
GP,F,18,U,GT3,T,4,3,other,other,reputation,father,1,4,0,no,yes,yes,no,yes,yes,yes,no,4,3,3,1,1,3,0,14,13,14,1,Aprueba,0,Aprueba,0.9960326600894149,0.003967339910585101,Aprueba,True
GP,M,18,U,LE3,T,4,4,teacher,teacher,home,mother,1,1,0,no,yes,yes,no,yes,yes,yes,yes,1,4,2,2,2,1,5,16,15,16,1,Aprueba,0,Aprueba,0.9999449062714945,5.509372850557164e-05,Aprueba,True
GP,F,18,U,LE3,A,4,4,health,other,home,mother,1,2,0,no,yes,no,no,yes,yes,yes,yes,4,2,4,1,1,4,14,12,10,11,1,Aprueba,0,Aprueba,0.7281324312383574,0.27186756876164264,Aprueba,True
GP,M,17,U,LE3,T,4,4,other,teacher,home,father,2,1,0,no,no,yes,no,yes,yes,yes,no,4,1,1,2,2,5,0,11,11,10,1,Aprueba,0,Aprueba,0.9542348719724765,0.04576512802752348,Aprueba,True
GP,F,17,U,GT3,T,4,2,other,other,reputation,mother,2,3,0,no,yes,yes,no,yes,yes,yes,no,4,3,3,1,1,3,0,15,12,14,1,Aprueba,0,Aprueba,0.9898522117851384,0.01014778821486162,Aprueba,True
GP,F,17,U,GT3,T,3,2,health,health,reputation,father,1,4,0,no,yes,yes,yes,no,yes,yes,no,5,2,2,1,2,5,0,17,17,18,1,Aprueba,0,Aprueba,0.9999941924358619,5.807564138131033e-06,Aprueba,True
GP,M,19,U,GT3,T,3,3,other,other,home,other,1,2,1,no,yes,no,yes,yes,yes,yes,yes,4,4,4,1,1,3,20,15,14,13,1,Aprueba,0,Aprueba,0.9993546381084116,0.000645361891588376,Aprueba,True
GP,F,18,U,GT3,T,2,4,services,at_home,reputation,other,1,2,1,no,yes,yes,yes,yes,yes,yes,no,4,4,3,1,1,3,8,14,12,12,1,Aprueba,0,Aprueba,0.9891902902732357,0.010809709726764356,Aprueba,True
GP,M,20,U,GT3,A,3,2,services,other,course,other,1,1,0,no,no,no,yes,yes,yes,no,no,5,5,3,1,1,5,0,17,18,18,1,Aprueba,0,Aprueba,0.9999995476448161,4.5235518390597247e-07,Aprueba,True
GP,M,19,U,GT3,T,4,4,teacher,services,reputation,other,2,1,1,no,yes,yes,no,yes,yes,yes,yes,4,3,4,1,1,4,38,8,9,8,0,Reprueba,1,Reprueba,0.16867876441498186,0.8313212355850181,Reprueba,True
GP,M,19,R,GT3,T,3,3,other,services,reputation,father,1,2,1,no,no,no,yes,yes,yes,no,yes,4,5,3,1,2,5,0,15,12,12,1,Aprueba,0,Aprueba,0.9928571989060454,0.0071428010939546425,Aprueba,True
GP,F,19,U,LE3,T,1,1,at_home,other,reputation,other,1,2,1,yes,yes,no,yes,no,yes,yes,no,4,4,3,1,3,3,18,12,10,10,1,Aprueba,0,Aprueba,0.7050200662420975,0.29497993375790255,Aprueba,True
GP,F,19,U,LE3,T,1,2,services,services,home,other,1,2,1,no,no,no,yes,no,yes,no,yes,4,2,4,2,2,3,0,9,9,0,0,Reprueba,1,Reprueba,0.33686525828179015,0.6631347417182099,Reprueba,True
GP,F,19,U,GT3,T,2,1,at_home,other,other,other,3,2,0,no,yes,no,no,yes,no,yes,yes,3,4,1,1,1,2,20,14,12,13,1,Aprueba,0,Aprueba,0.9848560610085084,0.01514393899149158,Aprueba,True
GP,M,19,U,GT3,T,1,2,other,services,course,other,1,2,1,no,no,no,no,no,yes,yes,no,4,5,2,2,2,4,3,13,11,11,1,Aprueba,0,Aprueba,0.9515934514745977,0.04840654852540227,Aprueba,True
GP,F,19,U,LE3,T,3,2,services,other,reputation,other,2,2,1,no,yes,yes,no,no,yes,yes,yes,4,2,2,1,2,1,22,13,10,11,1,Aprueba,0,Aprueba,0.720674940985371,0.27932505901462895,Aprueba,True
GP,F,19,U,GT3,T,1,1,at_home,health,home,other,1,3,2,no,no,no,no,no,yes,yes,yes,4,1,2,1,1,3,14,15,13,13,1,Aprueba,0,Aprueba,0.9965699240281749,0.0034300759718250895,Aprueba,True
GP,F,19,R,GT3,T,2,3,other,other,reputation,other,1,3,1,no,no,no,no,yes,yes,yes,yes,4,1,2,1,1,3,40,13,11,11,1,Aprueba,0,Aprueba,0.8279571914610526,0.17204280853894738,Aprueba,True
GP,F,18,U,GT3,T,2,1,services,other,course,mother,2,2,0,no,yes,yes,yes,yes,yes,yes,no,5,3,3,1,2,1,0,8,8,0,0,Reprueba,1,Reprueba,0.08646788143158479,0.9135321185684152,Reprueba,True
GP,F,18,U,GT3,T,4,3,other,other,course,mother,1,3,0,no,yes,yes,yes,yes,yes,yes,yes,4,3,4,1,1,5,9,9,10,9,0,Reprueba,0,Aprueba,0.5503960588023791,0.44960394119762087,Reprueba,False
GP,F,17,R,GT3,T,3,4,at_home,services,course,father,1,3,0,no,yes,yes,yes,no,yes,yes,no,4,3,4,2,5,5,0,11,11,10,1,Aprueba,0,Aprueba,0.9112523990110536,0.08874760098894643,Aprueba,True
GP,F,18,U,GT3,T,4,4,teacher,other,course,mother,1,2,0,no,yes,yes,no,yes,yes,yes,no,4,4,4,3,3,5,2,11,11,11,1,Aprueba,0,Aprueba,0.9325339471934198,0.06746605280658023,Aprueba,True
GP,F,17,U,GT3,A,4,3,services,services,course,mother,1,2,0,no,yes,yes,no,yes,yes,yes,yes,5,2,2,1,2,5,23,13,13,13,1,Aprueba,0,Aprueba,0.9954545589470319,0.004545441052968025,Aprueba,True
GP,F,17,U,GT3,T,2,2,other,other,course,mother,1,2,0,no,yes,no,no,yes,yes,no,yes,4,2,2,1,1,3,12,11,9,9,0,Reprueba,1,Reprueba,0.3456630489444805,0.6543369510555195,Reprueba,True
GP,F,17,R,LE3,T,2,2,services,services,course,mother,1,3,0,no,yes,yes,yes,yes,yes,yes,no,3,3,2,2,2,3,3,11,11,11,1,Aprueba,0,Aprueba,0.9041002445530117,0.09589975544698828,Aprueba,True
GP,F,17,U,GT3,T,3,1,services,services,course,father,1,3,0,no,yes,no,no,no,yes,yes,no,3,4,3,2,3,5,1,12,14,15,1,Aprueba,0,Aprueba,0.9990523983000278,0.0009476016999722372,Aprueba,True
GP,F,17,U,LE3,T,0,2,at_home,at_home,home,father,2,3,0,no,no,no,no,yes,yes,yes,no,3,3,3,2,3,2,0,16,15,15,1,Aprueba,0,Aprueba,0.9999029674310614,9.703256893858998e-05,Aprueba,True
GP,M,18,U,GT3,T,4,4,other,other,course,mother,1,3,0,no,no,no,yes,yes,yes,yes,no,4,3,3,2,2,3,3,9,12,11,1,Aprueba,0,Aprueba,0.9661984015664193,0.033801598433580625,Aprueba,True
GP,M,17,U,GT3,T,3,3,other,services,reputation,mother,1,1,0,no,no,no,yes,no,yes,yes,no,4,3,5,3,5,5,3,14,15,16,1,Aprueba,0,Aprueba,0.9999238447227446,7.615527725535704e-05,Aprueba,True
GP,M,17,R,GT3,T,2,2,services,other,course,mother,4,1,0,no,yes,no,no,yes,yes,yes,no,4,4,5,5,5,4,8,11,10,10,1,Aprueba,0,Aprueba,0.789145307268676,0.210854692731324,Aprueba,True
GP,F,17,U,GT3,T,4,4,teacher,services,course,mother,1,3,0,no,yes,yes,yes,yes,yes,yes,no,5,4,4,1,3,4,7,10,9,9,0,Reprueba,1,Reprueba,0.26107845961333653,0.7389215403866635,Reprueba,True
GP,F,17,U,GT3,T,4,4,teacher,teacher,course,mother,2,3,0,no,yes,yes,no,no,yes,yes,yes,4,3,3,1,2,4,4,14,14,14,1,Aprueba,0,Aprueba,0.9992945194004867,0.0007054805995132898,Aprueba,True
GP,M,18,U,LE3,T,2,2,other,other,course,mother,1,4,0,no,yes,no,yes,yes,yes,yes,no,4,5,5,2,4,5,2,9,8,8,0,Reprueba,1,Reprueba,0.05057054790820337,0.9494294520917966,Reprueba,True
GP,F,17,R,GT3,T,2,4,at_home,other,course,father,1,3,0,no,yes,no,no,yes,yes,yes,yes,4,4,3,1,1,5,7,12,14,14,1,Aprueba,0,Aprueba,0.998876132398861,0.001123867601138981,Aprueba,True
GP,F,18,U,GT3,T,3,3,services,services,home,mother,1,2,0,no,no,no,yes,yes,yes,yes,no,5,3,4,1,1,4,0,7,0,0,0,Reprueba,1,Reprueba,5.211882384559274e-07,0.9999994788117615,Reprueba,True
GP,F,18,U,LE3,T,2,2,other,other,home,other,1,2,0,no,no,no,yes,no,yes,yes,yes,4,3,3,1,1,2,0,8,8,0,0,Reprueba,1,Reprueba,0.08646788143158479,0.9135321185684152,Reprueba,True
GP,F,18,R,GT3,T,2,2,at_home,other,course,mother,2,4,0,no,no,no,yes,yes,yes,no,no,4,4,4,1,1,4,0,10,9,0,0,Reprueba,1,Reprueba,0.23230932926744807,0.7676906707325519,Reprueba,True
GP,F,17,U,GT3,T,3,4,services,other,course,mother,1,3,0,no,no,no,no,yes,yes,yes,no,4,4,5,1,3,5,16,16,15,15,1,Aprueba,0,Aprueba,0.9998470078693018,0.0001529921306981892,Aprueba,True
GP,F,19,R,GT3,A,3,1,services,at_home,home,other,1,3,1,no,no,yes,no,yes,yes,no,no,5,4,3,1,2,5,12,14,13,13,1,Aprueba,0,Aprueba,0.9960822774397793,0.003917722560220767,Aprueba,True
GP,F,17,U,GT3,T,3,2,other,other,home,mother,1,2,0,no,yes,yes,no,yes,yes,yes,yes,4,3,2,2,3,2,0,7,8,0,0,Reprueba,1,Reprueba,0.0725685322865477,0.9274314677134523,Reprueba,True
GP,F,18,U,LE3,T,3,3,services,services,home,mother,1,4,0,no,yes,no,no,yes,yes,yes,no,5,3,3,1,1,1,7,16,15,17,1,Aprueba,0,Aprueba,0.9998312543472316,0.00016874565276835146,Aprueba,True
GP,F,17,R,GT3,A,3,2,other,other,home,mother,1,2,0,no,yes,yes,no,yes,yes,yes,no,4,3,3,2,3,2,4,9,10,10,1,Aprueba,0,Aprueba,0.6679137217173742,0.3320862782826258,Aprueba,True
GP,F,19,U,GT3,T,2,1,services,services,home,other,1,3,1,no,no,yes,yes,yes,yes,yes,yes,4,3,4,1,3,3,4,11,12,11,1,Aprueba,0,Aprueba,0.9759923657813597,0.024007634218640318,Aprueba,True
GP,M,18,U,GT3,T,4,4,teacher,services,home,father,1,2,1,no,yes,no,yes,yes,yes,yes,no,4,3,3,2,2,2,0,10,10,0,0,Reprueba,0,Aprueba,0.7316391995004543,0.26836080049954564,Reprueba,False
GP,M,18,U,LE3,T,3,4,services,other,home,mother,1,2,0,no,no,no,yes,yes,yes,yes,yes,4,3,3,1,3,5,11,16,15,15,1,Aprueba,0,Aprueba,0.9999068740176761,9.312598232396424e-05,Aprueba,True
GP,F,17,U,GT3,A,2,2,at_home,at_home,home,father,1,2,1,no,yes,no,no,yes,yes,yes,yes,3,3,1,1,2,4,0,9,8,0,0,Reprueba,1,Reprueba,0.10273452973582442,0.8972654702641756,Reprueba,True
GP,F,18,U,GT3,T,2,3,at_home,other,course,mother,1,3,0,no,yes,no,no,yes,yes,yes,no,4,3,3,1,2,3,4,11,10,10,1,Aprueba,0,Aprueba,0.6737656279128763,0.32623437208712375,Aprueba,True
GP,F,18,U,GT3,T,3,2,other,services,other,mother,1,3,0,no,no,no,no,yes,yes,yes,yes,5,4,3,2,3,1,7,13,13,14,1,Aprueba,0,Aprueba,0.9958903059158023,0.004109694084197701,Aprueba,True
GP,M,18,R,GT3,T,4,3,teacher,services,course,mother,1,3,0,no,no,no,no,yes,yes,yes,yes,5,3,2,1,2,4,9,16,15,16,1,Aprueba,0,Aprueba,0.9998746413943511,0.00012535860564886033,Aprueba,True
GP,M,18,U,GT3,T,4,3,teacher,other,course,mother,1,3,0,no,yes,yes,no,yes,yes,yes,yes,5,4,5,2,3,5,0,10,10,9,0,Reprueba,0,Aprueba,0.6567339512005277,0.3432660487994723,Reprueba,False
GP,F,17,U,GT3,T,4,3,health,other,reputation,mother,1,3,0,no,yes,yes,yes,yes,yes,yes,yes,4,4,3,1,3,4,0,13,15,15,1,Aprueba,0,Aprueba,0.9998282572019266,0.00017174279807339893,Aprueba,True
MS,M,18,R,GT3,T,3,2,other,other,course,mother,2,1,1,no,yes,no,no,no,yes,yes,no,2,5,5,5,5,5,10,11,13,13,1,Aprueba,0,Aprueba,0.9967717503114829,0.0032282496885171308,Aprueba,True
MS,M,19,R,GT3,T,1,1,other,services,home,other,3,2,3,no,no,no,no,yes,yes,yes,no,5,4,4,3,3,2,8,8,7,8,0,Reprueba,1,Reprueba,0.016705811431596995,0.983294188568403,Reprueba,True
MS,M,17,U,GT3,T,3,3,health,other,course,mother,2,2,0,no,yes,yes,no,yes,yes,yes,no,4,5,4,2,3,3,2,13,13,13,1,Aprueba,0,Aprueba,0.9974945583282567,0.0025054416717433152,Aprueba,True
MS,M,18,U,LE3,T,1,3,at_home,services,course,mother,1,1,1,no,no,no,no,yes,no,yes,yes,4,3,3,2,3,3,7,8,7,8,0,Reprueba,1,Reprueba,0.024304061814261035,0.975695938185739,Reprueba,True
MS,M,19,R,GT3,T,1,1,other,other,home,other,3,1,1,no,yes,no,no,yes,yes,yes,no,4,4,4,3,3,5,4,8,8,8,0,Reprueba,1,Reprueba,0.10743508042662575,0.8925649195733742,Reprueba,True
MS,M,17,R,GT3,T,4,3,services,other,home,mother,2,2,0,no,yes,yes,yes,no,yes,yes,yes,4,5,5,1,3,2,4,13,11,11,1,Aprueba,0,Aprueba,0.9502654052232957,0.04973459477670427,Aprueba,True
MS,F,18,U,GT3,T,3,3,services,services,course,father,1,2,0,no,yes,no,no,yes,yes,no,yes,5,3,4,1,1,5,0,10,9,9,0,Reprueba,1,Reprueba,0.38061158623089486,0.6193884137691051,Reprueba,True
MS,F,17,R,GT3,T,4,4,teacher,services,other,father,2,2,0,no,yes,yes,yes,yes,yes,yes,no,4,3,3,1,2,5,4,12,13,13,1,Aprueba,0,Aprueba,0.9967939843458586,0.003206015654141306,Aprueba,True
MS,F,17,U,LE3,A,3,2,services,other,reputation,mother,2,2,0,no,no,no,no,yes,yes,no,yes,1,2,3,1,2,5,2,12,12,11,1,Aprueba,0,Aprueba,0.9866990724954031,0.013300927504596917,Aprueba,True
MS,M,18,U,LE3,T,1,1,other,services,home,father,2,1,0,no,no,no,no,no,yes,yes,yes,3,3,2,1,2,3,4,10,10,10,1,Aprueba,0,Aprueba,0.7761358483479086,0.2238641516520914,Aprueba,True
MS,F,18,U,LE3,T,1,1,at_home,services,course,father,2,3,0,no,no,no,no,yes,yes,yes,no,5,3,2,1,1,4,0,18,16,16,1,Aprueba,0,Aprueba,0.9999850526139781,1.4947386021883002e-05,Aprueba,True
MS,F,18,R,LE3,A,1,4,at_home,other,course,mother,3,2,0,no,no,no,no,yes,yes,no,yes,4,3,4,1,4,5,0,13,13,13,1,Aprueba,0,Aprueba,0.9976328677269208,0.002367132273079125,Aprueba,True
MS,M,18,R,LE3,T,1,1,at_home,other,other,mother,2,2,1,no,no,no,yes,no,no,no,no,4,4,3,2,3,5,2,13,12,12,1,Aprueba,0,Aprueba,0.9889790303978172,0.011020969602182762,Aprueba,True
MS,F,18,U,GT3,T,3,3,services,services,other,mother,2,2,0,no,yes,no,no,yes,yes,yes,yes,4,3,2,1,3,3,0,11,11,10,1,Aprueba,0,Aprueba,0.9360283337406763,0.0639716662593237,Aprueba,True
MS,F,17,U,LE3,T,4,4,at_home,at_home,course,mother,1,2,0,no,yes,yes,yes,yes,yes,yes,yes,2,3,4,1,1,1,0,16,15,15,1,Aprueba,0,Aprueba,0.9999319056892098,6.809431079029083e-05,Aprueba,True
MS,F,17,R,GT3,T,1,2,other,services,course,father,2,2,0,no,no,no,no,no,yes,no,no,3,2,2,1,2,3,0,12,11,12,1,Aprueba,0,Aprueba,0.9465231959971556,0.053476804002844325,Aprueba,True
MS,M,18,R,GT3,T,1,3,at_home,other,course,mother,2,2,0,no,yes,yes,no,yes,yes,no,no,3,3,4,2,4,3,4,10,10,10,1,Aprueba,0,Aprueba,0.708705690789912,0.29129430921008803,Aprueba,True
MS,M,18,U,LE3,T,4,4,teacher,services,other,mother,2,3,0,no,no,yes,no,yes,yes,yes,yes,4,2,2,2,2,5,0,13,13,13,1,Aprueba,0,Aprueba,0.9966301925412786,0.003369807458721421,Aprueba,True
MS,F,17,R,GT3,T,1,1,other,services,reputation,mother,3,1,1,no,yes,yes,no,yes,yes,yes,yes,5,2,1,1,2,1,0,7,6,0,0,Reprueba,1,Reprueba,0.0056326751713668965,0.9943673248286331,Reprueba,True
MS,F,18,U,GT3,T,2,3,at_home,services,course,father,2,1,0,no,yes,yes,no,yes,yes,yes,yes,5,2,3,1,2,4,0,11,10,10,1,Aprueba,0,Aprueba,0.8245493399629095,0.17545066003709053,Aprueba,True
MS,F,18,R,GT3,T,4,4,other,teacher,other,father,3,2,0,no,yes,yes,no,no,yes,yes,yes,3,2,2,4,2,5,10,14,12,11,1,Aprueba,0,Aprueba,0.9885643432115185,0.011435656788481496,Aprueba,True
MS,F,19,U,LE3,T,3,2,services,services,home,other,2,2,2,no,no,no,yes,yes,yes,no,yes,3,2,2,1,1,3,4,7,7,9,0,Reprueba,1,Reprueba,0.01549464630030295,0.984505353699697,Reprueba,True
MS,M,18,R,LE3,T,1,2,at_home,services,other,father,3,1,0,no,yes,yes,yes,yes,no,yes,yes,4,3,3,2,3,3,3,14,12,12,1,Aprueba,0,Aprueba,0.9933925957702919,0.006607404229708047,Aprueba,True
MS,F,17,U,GT3,T,2,2,other,at_home,home,mother,1,3,0,no,no,no,yes,yes,yes,no,yes,3,4,3,1,1,3,8,13,11,11,1,Aprueba,0,Aprueba,0.9228709671593799,0.07712903284062016,Aprueba,True
MS,F,17,R,GT3,T,1,2,other,other,course,mother,1,1,0,no,no,no,yes,yes,yes,yes,no,3,5,5,1,3,1,14,6,5,5,0,Reprueba,1,Reprueba,0.0007080809436946778,0.9992919190563053,Reprueba,True
MS,F,18,R,LE3,T,4,4,other,other,reputation,mother,2,3,0,no,no,no,no,yes,yes,yes,no,5,4,4,1,1,1,0,19,18,19,1,Aprueba,0,Aprueba,0.9999993722466131,6.277533869391531e-07,Aprueba,True
MS,F,18,R,GT3,T,1,1,other,other,home,mother,4,3,0,no,no,no,no,yes,yes,yes,no,4,3,2,1,2,4,2,8,8,10,1,Aprueba,1,Reprueba,0.05904186214515339,0.9409581378548466,Aprueba,False
MS,F,20,U,GT3,T,4,2,health,other,course,other,2,3,2,no,yes,yes,no,no,yes,yes,yes,5,4,3,1,1,3,4,15,14,15,1,Aprueba,0,Aprueba,0.9994167245499828,0.0005832754500172885,Aprueba,True
MS,F,18,R,LE3,T,4,4,teacher,services,course,mother,1,2,0,no,no,yes,yes,yes,yes,yes,no,5,4,3,3,4,2,4,8,9,10,1,Aprueba,1,Reprueba,0.2725970025457226,0.7274029974542774,Aprueba,False
MS,F,18,U,GT3,T,3,3,other,other,home,mother,1,2,0,no,no,yes,no,yes,yes,yes,yes,4,1,3,1,2,1,0,15,15,15,1,Aprueba,0,Aprueba,0.9999176299910129,8.23700089871157e-05,Aprueba,True
MS,F,17,R,GT3,T,3,1,at_home,other,reputation,mother,1,2,0,no,yes,yes,yes,no,yes,yes,no,4,5,4,2,3,1,17,10,10,10,1,Aprueba,0,Aprueba,0.6269366245182528,0.3730633754817472,Aprueba,True
MS,M,18,U,GT3,T,4,4,teacher,teacher,home,father,1,2,0,no,no,yes,yes,no,yes,yes,no,3,2,4,1,4,2,4,15,14,14,1,Aprueba,0,Aprueba,0.9995906168289372,0.00040938317106271237,Aprueba,True
MS,M,18,R,GT3,T,2,1,other,other,other,mother,2,1,0,no,no,no,yes,no,yes,yes,yes,4,4,3,1,3,5,5,7,6,7,0,Reprueba,1,Reprueba,0.004889161231154571,0.9951108387688454,Reprueba,True
MS,M,17,U,GT3,T,2,3,other,services,home,father,2,2,0,no,no,no,yes,yes,yes,yes,no,4,4,3,1,1,3,2,11,11,10,1,Aprueba,0,Aprueba,0.9325339471934198,0.06746605280658023,Aprueba,True
MS,M,19,R,GT3,T,1,1,other,services,other,mother,2,1,1,no,no,no,no,yes,yes,no,no,4,3,2,1,3,5,0,6,5,0,0,Reprueba,1,Reprueba,0.0010543535761986522,0.9989456464238013,Reprueba,True
MS,M,18,R,GT3,T,4,2,other,other,home,father,2,1,1,no,no,yes,no,yes,yes,no,no,5,4,3,4,3,3,14,6,5,5,0,Reprueba,1,Reprueba,0.0007080809436946778,0.9992919190563053,Reprueba,True
MS,F,18,R,GT3,T,2,2,at_home,other,other,mother,2,3,0,no,no,yes,no,yes,yes,no,no,5,3,3,1,3,4,2,10,9,10,1,Aprueba,1,Reprueba,0.28944941459472706,0.7105505854052729,Aprueba,False
MS,F,18,R,GT3,T,4,4,teacher,at_home,reputation,mother,3,1,0,no,yes,yes,yes,yes,yes,yes,yes,4,4,3,2,2,5,7,6,5,6,0,Reprueba,1,Reprueba,0.0008640563315265304,0.9991359436684735,Reprueba,True
MS,F,19,R,GT3,T,2,3,services,other,course,mother,1,3,1,no,no,no,yes,no,yes,yes,no,5,4,2,1,2,5,0,7,5,0,0,Reprueba,1,Reprueba,0.000628343881727389,0.9993716561182726,Reprueba,True
MS,F,18,U,LE3,T,3,1,teacher,services,course,mother,1,2,0,no,yes,yes,no,yes,yes,yes,no,4,3,4,1,1,1,0,7,9,8,0,Reprueba,1,Reprueba,0.2576958217755043,0.7423041782244957,Reprueba,True
MS,F,18,U,GT3,T,1,1,other,other,course,mother,2,2,1,no,no,no,yes,yes,yes,no,no,1,1,1,1,1,5,0,6,5,0,0,Reprueba,1,Reprueba,0.0007401224829848285,0.9992598775170152,Reprueba,True
MS,M,20,U,LE3,A,2,2,services,services,course,other,1,2,2,no,yes,yes,no,yes,yes,no,no,5,5,4,4,5,4,11,9,9,9,0,Reprueba,1,Reprueba,0.27083707295654713,0.7291629270434529,Reprueba,True
MS,M,17,U,LE3,T,3,1,services,services,course,mother,2,1,0,no,no,no,no,no,yes,yes,no,2,4,5,3,4,2,3,14,16,16,1,Aprueba,0,Aprueba,0.9999828340966235,1.7165903376555886e-05,Aprueba,True
MS,M,21,R,GT3,T,1,1,other,other,course,other,1,1,3,no,no,no,no,no,yes,no,no,5,5,3,3,3,3,3,10,8,7,0,Reprueba,1,Reprueba,0.1534147028710089,0.8465852971289911,Reprueba,True
MS,M,18,R,LE3,T,3,2,services,other,course,mother,3,1,0,no,no,no,no,no,yes,yes,no,4,4,1,3,4,5,0,11,12,10,1,Aprueba,0,Aprueba,0.9893057344321627,0.010694265567837261,Aprueba,True
MS,M,19,U,LE3,T,1,1,other,at_home,course,father,1,1,0,no,no,no,no,yes,yes,yes,no,3,2,3,3,3,5,5,8,9,9,0,Reprueba,1,Reprueba,0.3416912694718396,0.6583087305281604,Reprueba,True
